{
	"credit": "Made with Blockbench",
	"textures": {
		"0": "block/magma",
		"1": "block/sea_lantern",
		"2": "block/nether_portal",
		"4": "item/trident",
		"5": "item/blaze_powder",
		"6": "item/stick",
		"particle": "block/magma"
	},
	"elements": [
		{
			"from": [0, 5, 7.5],
			"to": [1, 6, 8.5],
			"rotation": {"angle": 0, "axis": "y", "origin": [23, 15.5, 15]},
			"faces": {
				"north": {"uv": [8, 6, 9, 7], "texture": "#5"},
				"east": {"uv": [8, 6, 9, 7], "texture": "#5"},
				"south": {"uv": [8, 6, 9, 7], "texture": "#5"},
				"west": {"uv": [8, 6, 9, 7], "texture": "#5"},
				"up": {"uv": [8, 6, 9, 7], "texture": "#5"},
				"down": {"uv": [8, 6, 9, 7], "texture": "#5"}
			}
		},
		{
			"from": [20, 25, 7],
			"to": [22, 27, 9],
			"rotation": {"angle": 0, "axis": "y", "origin": [23, 15.5, 14.5]},
			"faces": {
				"north": {"uv": [0, 0, 16, 16], "texture": "#1"},
				"east": {"uv": [0, 0, 16, 16], "texture": "#1"},
				"south": {"uv": [0, 0, 16, 16], "texture": "#1"},
				"west": {"uv": [0, 0, 16, 16], "texture": "#1"},
				"up": {"uv": [0, 0, 16, 16], "texture": "#1"},
				"down": {"uv": [0, 0, 16, 16], "texture": "#1"}
			}
		},
		{
			"from": [0, 6, 7.5],
			"to": [1, 7, 8.5],
			"rotation": {"angle": 0, "axis": "y", "origin": [23, 15.5, 15]},
			"faces": {
				"north": {"uv": [8, 6, 9, 7], "texture": "#5"},
				"east": {"uv": [8, 6, 9, 7], "texture": "#5"},
				"south": {"uv": [8, 6, 9, 7], "texture": "#5"},
				"west": {"uv": [8, 6, 9, 7], "texture": "#5"},
				"up": {"uv": [8, 6, 9, 7], "texture": "#5"},
				"down": {"uv": [8, 6, 9, 7], "texture": "#5"}
			}
		},
		{
			"from": [1, 6, 7.5],
			"to": [2, 7, 8.5],
			"rotation": {"angle": 0, "axis": "y", "origin": [23, 15.5, 15]},
			"faces": {
				"north": {"uv": [7, 7, 8, 8], "texture": "#0"},
				"east": {"uv": [7, 7, 8, 8], "texture": "#0"},
				"south": {"uv": [7, 7, 8, 8], "texture": "#0"},
				"west": {"uv": [7, 7, 8, 8], "texture": "#0"},
				"up": {"uv": [7, 7, 8, 8], "texture": "#0"},
				"down": {"uv": [7, 7, 8, 8], "texture": "#0"}
			}
		},
		{
			"from": [1, 5, 7.5],
			"to": [2, 6, 8.5],
			"rotation": {"angle": 0, "axis": "y", "origin": [23, 15.5, 15]},
			"faces": {
				"north": {"uv": [8, 6, 9, 7], "texture": "#5"},
				"east": {"uv": [8, 6, 9, 7], "texture": "#5"},
				"south": {"uv": [8, 6, 9, 7], "texture": "#5"},
				"west": {"uv": [8, 6, 9, 7], "texture": "#5"},
				"up": {"uv": [8, 6, 9, 7], "texture": "#5"},
				"down": {"uv": [8, 6, 9, 7], "texture": "#5"}
			}
		},
		{
			"from": [2, 6, 7.5],
			"to": [3, 7, 8.5],
			"rotation": {"angle": 0, "axis": "y", "origin": [23, 15.5, 15]},
			"faces": {
				"north": {"uv": [7, 7, 8, 8], "texture": "#0"},
				"east": {"uv": [7, 7, 8, 8], "texture": "#0"},
				"south": {"uv": [7, 7, 8, 8], "texture": "#0"},
				"west": {"uv": [7, 7, 8, 8], "texture": "#0"},
				"up": {"uv": [7, 7, 8, 8], "texture": "#0"},
				"down": {"uv": [7, 7, 8, 8], "texture": "#0"}
			}
		},
		{
			"from": [2, 7, 7.5],
			"to": [3, 8, 8.5],
			"rotation": {"angle": 0, "axis": "y", "origin": [23, 15.5, 15]},
			"faces": {
				"north": {"uv": [7, 7, 8, 8], "texture": "#0"},
				"east": {"uv": [7, 7, 8, 8], "texture": "#0"},
				"south": {"uv": [7, 7, 8, 8], "texture": "#0"},
				"west": {"uv": [7, 7, 8, 8], "texture": "#0"},
				"up": {"uv": [7, 7, 8, 8], "texture": "#0"},
				"down": {"uv": [7, 7, 8, 8], "texture": "#0"}
			}
		},
		{
			"from": [1, 7, 7.5],
			"to": [2, 8, 8.5],
			"rotation": {"angle": 0, "axis": "y", "origin": [23, 15.5, 15]},
			"faces": {
				"north": {"uv": [7, 7, 8, 8], "texture": "#0"},
				"east": {"uv": [7, 7, 8, 8], "texture": "#0"},
				"south": {"uv": [7, 7, 8, 8], "texture": "#0"},
				"west": {"uv": [7, 7, 8, 8], "texture": "#0"},
				"up": {"uv": [7, 7, 8, 8], "texture": "#0"},
				"down": {"uv": [7, 7, 8, 8], "texture": "#0"}
			}
		},
		{
			"from": [0, 7, 7.5],
			"to": [1, 8, 8.5],
			"rotation": {"angle": 0, "axis": "y", "origin": [23, 15.5, 15]},
			"faces": {
				"north": {"uv": [8, 6, 9, 7], "texture": "#5"},
				"east": {"uv": [8, 6, 9, 7], "texture": "#5"},
				"south": {"uv": [8, 6, 9, 7], "texture": "#5"},
				"west": {"uv": [8, 6, 9, 7], "texture": "#5"},
				"up": {"uv": [8, 6, 9, 7], "texture": "#5"},
				"down": {"uv": [8, 6, 9, 7], "texture": "#5"}
			}
		},
		{
			"from": [1, 8, 7.5],
			"to": [2, 9, 8.5],
			"rotation": {"angle": 0, "axis": "y", "origin": [23, 15.5, 15]},
			"faces": {
				"north": {"uv": [7, 7, 8, 8], "texture": "#0"},
				"east": {"uv": [7, 7, 8, 8], "texture": "#0"},
				"south": {"uv": [7, 7, 8, 8], "texture": "#0"},
				"west": {"uv": [7, 7, 8, 8], "texture": "#0"},
				"up": {"uv": [7, 7, 8, 8], "texture": "#0"},
				"down": {"uv": [7, 7, 8, 8], "texture": "#0"}
			}
		},
		{
			"from": [0, 9, 7.5],
			"to": [1, 10, 8.5],
			"rotation": {"angle": 0, "axis": "y", "origin": [23, 15.5, 15]},
			"faces": {
				"north": {"uv": [2, 7, 3, 8], "texture": "#5"},
				"east": {"uv": [2, 7, 3, 8], "texture": "#5"},
				"south": {"uv": [2, 7, 3, 8], "texture": "#5"},
				"west": {"uv": [2, 7, 3, 8], "texture": "#5"},
				"up": {"uv": [2, 7, 3, 8], "texture": "#5"},
				"down": {"uv": [2, 7, 3, 8], "texture": "#5"}
			}
		},
		{
			"from": [-1, 10, 7.5],
			"to": [0, 11, 8.5],
			"rotation": {"angle": 0, "axis": "y", "origin": [23, 15.5, 15]},
			"faces": {
				"north": {"uv": [2, 7, 3, 8], "texture": "#5"},
				"east": {"uv": [2, 7, 3, 8], "texture": "#5"},
				"south": {"uv": [2, 7, 3, 8], "texture": "#5"},
				"west": {"uv": [2, 7, 3, 8], "texture": "#5"},
				"up": {"uv": [2, 7, 3, 8], "texture": "#5"},
				"down": {"uv": [2, 7, 3, 8], "texture": "#5"}
			}
		},
		{
			"from": [-1, 9, 7.5],
			"to": [0, 10, 8.5],
			"rotation": {"angle": 0, "axis": "y", "origin": [23, 15.5, 15]},
			"faces": {
				"north": {"uv": [2, 7, 3, 8], "texture": "#5"},
				"east": {"uv": [2, 7, 3, 8], "texture": "#5"},
				"south": {"uv": [2, 7, 3, 8], "texture": "#5"},
				"west": {"uv": [2, 7, 3, 8], "texture": "#5"},
				"up": {"uv": [2, 7, 3, 8], "texture": "#5"},
				"down": {"uv": [2, 7, 3, 8], "texture": "#5"}
			}
		},
		{
			"from": [-2, 9, 7.5],
			"to": [-1, 10, 8.5],
			"rotation": {"angle": 0, "axis": "y", "origin": [23, 15.5, 15]},
			"faces": {
				"north": {"uv": [2, 7, 3, 8], "texture": "#5"},
				"east": {"uv": [2, 7, 3, 8], "texture": "#5"},
				"south": {"uv": [2, 7, 3, 8], "texture": "#5"},
				"west": {"uv": [2, 7, 3, 8], "texture": "#5"},
				"up": {"uv": [2, 7, 3, 8], "texture": "#5"},
				"down": {"uv": [2, 7, 3, 8], "texture": "#5"}
			}
		},
		{
			"from": [-3, 9, 7.5],
			"to": [-2, 10, 8.5],
			"rotation": {"angle": 0, "axis": "y", "origin": [23, 15.5, 15]},
			"faces": {
				"north": {"uv": [2, 7, 3, 8], "texture": "#5"},
				"east": {"uv": [2, 7, 3, 8], "texture": "#5"},
				"south": {"uv": [2, 7, 3, 8], "texture": "#5"},
				"west": {"uv": [2, 7, 3, 8], "texture": "#5"},
				"up": {"uv": [2, 7, 3, 8], "texture": "#5"},
				"down": {"uv": [2, 7, 3, 8], "texture": "#5"}
			}
		},
		{
			"from": [0, 10, 7.5],
			"to": [1, 11, 8.5],
			"rotation": {"angle": 0, "axis": "y", "origin": [23, 15.5, 15]},
			"faces": {
				"north": {"uv": [2, 7, 3, 8], "texture": "#5"},
				"east": {"uv": [2, 7, 3, 8], "texture": "#5"},
				"south": {"uv": [2, 7, 3, 8], "texture": "#5"},
				"west": {"uv": [2, 7, 3, 8], "texture": "#5"},
				"up": {"uv": [2, 7, 3, 8], "texture": "#5"},
				"down": {"uv": [2, 7, 3, 8], "texture": "#5"}
			}
		},
		{
			"from": [1, 11, 7.5],
			"to": [2, 12, 8.5],
			"rotation": {"angle": 0, "axis": "y", "origin": [23, 15.5, 15]},
			"faces": {
				"north": {"uv": [3, 3, 4, 4], "texture": "#5"},
				"east": {"uv": [3, 3, 4, 4], "texture": "#5"},
				"south": {"uv": [3, 3, 4, 4], "texture": "#5"},
				"west": {"uv": [3, 3, 4, 4], "texture": "#5"},
				"up": {"uv": [3, 3, 4, 4], "texture": "#5"},
				"down": {"uv": [3, 3, 4, 4], "texture": "#5"}
			}
		},
		{
			"from": [2, 12, 7.5],
			"to": [3, 13, 8.5],
			"rotation": {"angle": 0, "axis": "y", "origin": [23, 15.5, 15]},
			"faces": {
				"north": {"uv": [3, 3, 4, 4], "texture": "#5"},
				"east": {"uv": [3, 3, 4, 4], "texture": "#5"},
				"south": {"uv": [3, 3, 4, 4], "texture": "#5"},
				"west": {"uv": [3, 3, 4, 4], "texture": "#5"},
				"up": {"uv": [3, 3, 4, 4], "texture": "#5"},
				"down": {"uv": [3, 3, 4, 4], "texture": "#5"}
			}
		},
		{
			"from": [-1, 7, 7.5],
			"to": [0, 8, 8.5],
			"rotation": {"angle": 0, "axis": "y", "origin": [23, 15.5, 15]},
			"faces": {
				"north": {"uv": [8, 6, 9, 7], "texture": "#5"},
				"east": {"uv": [8, 6, 9, 7], "texture": "#5"},
				"south": {"uv": [8, 6, 9, 7], "texture": "#5"},
				"west": {"uv": [8, 6, 9, 7], "texture": "#5"},
				"up": {"uv": [8, 6, 9, 7], "texture": "#5"},
				"down": {"uv": [8, 6, 9, 7], "texture": "#5"}
			}
		},
		{
			"from": [-2, 6, 7.5],
			"to": [-1, 7, 8.5],
			"rotation": {"angle": 0, "axis": "y", "origin": [23, 15.5, 15]},
			"faces": {
				"north": {"uv": [8, 6, 9, 7], "texture": "#5"},
				"east": {"uv": [8, 6, 9, 7], "texture": "#5"},
				"south": {"uv": [8, 6, 9, 7], "texture": "#5"},
				"west": {"uv": [8, 6, 9, 7], "texture": "#5"},
				"up": {"uv": [8, 6, 9, 7], "texture": "#5"},
				"down": {"uv": [8, 6, 9, 7], "texture": "#5"}
			}
		},
		{
			"from": [-3, 6, 7.5],
			"to": [-2, 7, 8.5],
			"rotation": {"angle": 0, "axis": "y", "origin": [23, 15.5, 15]},
			"faces": {
				"north": {"uv": [8, 6, 9, 7], "texture": "#5"},
				"east": {"uv": [8, 6, 9, 7], "texture": "#5"},
				"south": {"uv": [8, 6, 9, 7], "texture": "#5"},
				"west": {"uv": [8, 6, 9, 7], "texture": "#5"},
				"up": {"uv": [8, 6, 9, 7], "texture": "#5"},
				"down": {"uv": [8, 6, 9, 7], "texture": "#5"}
			}
		},
		{
			"from": [-4, 5, 7.5],
			"to": [-3, 6, 8.5],
			"rotation": {"angle": 0, "axis": "y", "origin": [23, 15.5, 15]},
			"faces": {
				"north": {"uv": [8, 6, 9, 7], "texture": "#5"},
				"east": {"uv": [8, 6, 9, 7], "texture": "#5"},
				"south": {"uv": [8, 6, 9, 7], "texture": "#5"},
				"west": {"uv": [8, 6, 9, 7], "texture": "#5"},
				"up": {"uv": [8, 6, 9, 7], "texture": "#5"},
				"down": {"uv": [8, 6, 9, 7], "texture": "#5"}
			}
		},
		{
			"from": [-5, 4, 7.5],
			"to": [-4, 5, 8.5],
			"rotation": {"angle": 0, "axis": "y", "origin": [23, 15.5, 15]},
			"faces": {
				"north": {"uv": [8, 6, 9, 7], "texture": "#5"},
				"east": {"uv": [8, 6, 9, 7], "texture": "#5"},
				"south": {"uv": [8, 6, 9, 7], "texture": "#5"},
				"west": {"uv": [8, 6, 9, 7], "texture": "#5"},
				"up": {"uv": [8, 6, 9, 7], "texture": "#5"},
				"down": {"uv": [8, 6, 9, 7], "texture": "#5"}
			}
		},
		{
			"from": [-5, 3, 7.5],
			"to": [-4, 4, 8.5],
			"rotation": {"angle": 0, "axis": "y", "origin": [23, 15.5, 15]},
			"faces": {
				"north": {"uv": [8, 6, 9, 7], "texture": "#5"},
				"east": {"uv": [8, 6, 9, 7], "texture": "#5"},
				"south": {"uv": [8, 6, 9, 7], "texture": "#5"},
				"west": {"uv": [8, 6, 9, 7], "texture": "#5"},
				"up": {"uv": [8, 6, 9, 7], "texture": "#5"},
				"down": {"uv": [8, 6, 9, 7], "texture": "#5"}
			}
		},
		{
			"from": [2, 5, 7.5],
			"to": [3, 6, 8.5],
			"rotation": {"angle": 0, "axis": "y", "origin": [23, 15.5, 15]},
			"faces": {
				"north": {"uv": [8, 6, 9, 7], "texture": "#5"},
				"east": {"uv": [8, 6, 9, 7], "texture": "#5"},
				"south": {"uv": [8, 6, 9, 7], "texture": "#5"},
				"west": {"uv": [8, 6, 9, 7], "texture": "#5"},
				"up": {"uv": [8, 6, 9, 7], "texture": "#5"},
				"down": {"uv": [8, 6, 9, 7], "texture": "#5"}
			}
		},
		{
			"from": [2, 4, 7.5],
			"to": [3, 5, 8.5],
			"rotation": {"angle": 0, "axis": "y", "origin": [23, 15.5, 15]},
			"faces": {
				"north": {"uv": [8, 6, 9, 7], "texture": "#5"},
				"east": {"uv": [8, 6, 9, 7], "texture": "#5"},
				"south": {"uv": [8, 6, 9, 7], "texture": "#5"},
				"west": {"uv": [8, 6, 9, 7], "texture": "#5"},
				"up": {"uv": [8, 6, 9, 7], "texture": "#5"},
				"down": {"uv": [8, 6, 9, 7], "texture": "#5"}
			}
		},
		{
			"from": [1, 3, 7.5],
			"to": [2, 4, 8.5],
			"rotation": {"angle": 0, "axis": "y", "origin": [23, 15.5, 15]},
			"faces": {
				"north": {"uv": [8, 6, 9, 7], "texture": "#5"},
				"east": {"uv": [8, 6, 9, 7], "texture": "#5"},
				"south": {"uv": [8, 6, 9, 7], "texture": "#5"},
				"west": {"uv": [8, 6, 9, 7], "texture": "#5"},
				"up": {"uv": [8, 6, 9, 7], "texture": "#5"},
				"down": {"uv": [8, 6, 9, 7], "texture": "#5"}
			}
		},
		{
			"from": [1, 2, 7.5],
			"to": [2, 3, 8.5],
			"rotation": {"angle": 0, "axis": "y", "origin": [23, 15.5, 15]},
			"faces": {
				"north": {"uv": [8, 6, 9, 7], "texture": "#5"},
				"east": {"uv": [8, 6, 9, 7], "texture": "#5"},
				"south": {"uv": [8, 6, 9, 7], "texture": "#5"},
				"west": {"uv": [8, 6, 9, 7], "texture": "#5"},
				"up": {"uv": [8, 6, 9, 7], "texture": "#5"},
				"down": {"uv": [8, 6, 9, 7], "texture": "#5"}
			}
		},
		{
			"from": [0, 1, 7.5],
			"to": [1, 2, 8.5],
			"rotation": {"angle": 0, "axis": "y", "origin": [23, 15.5, 15]},
			"faces": {
				"north": {"uv": [8, 6, 9, 7], "texture": "#5"},
				"east": {"uv": [8, 6, 9, 7], "texture": "#5"},
				"south": {"uv": [8, 6, 9, 7], "texture": "#5"},
				"west": {"uv": [8, 6, 9, 7], "texture": "#5"},
				"up": {"uv": [8, 6, 9, 7], "texture": "#5"},
				"down": {"uv": [8, 6, 9, 7], "texture": "#5"}
			}
		},
		{
			"from": [-1, 0, 7.5],
			"to": [0, 1, 8.5],
			"rotation": {"angle": 0, "axis": "y", "origin": [23, 15.5, 15]},
			"faces": {
				"north": {"uv": [8, 6, 9, 7], "texture": "#5"},
				"east": {"uv": [8, 6, 9, 7], "texture": "#5"},
				"south": {"uv": [8, 6, 9, 7], "texture": "#5"},
				"west": {"uv": [8, 6, 9, 7], "texture": "#5"},
				"up": {"uv": [8, 6, 9, 7], "texture": "#5"},
				"down": {"uv": [8, 6, 9, 7], "texture": "#5"}
			}
		},
		{
			"from": [-2, 0, 7.5],
			"to": [-1, 1, 8.5],
			"rotation": {"angle": 0, "axis": "y", "origin": [23, 15.5, 15]},
			"faces": {
				"north": {"uv": [8, 6, 9, 7], "texture": "#5"},
				"east": {"uv": [8, 6, 9, 7], "texture": "#5"},
				"south": {"uv": [8, 6, 9, 7], "texture": "#5"},
				"west": {"uv": [8, 6, 9, 7], "texture": "#5"},
				"up": {"uv": [8, 6, 9, 7], "texture": "#5"},
				"down": {"uv": [8, 6, 9, 7], "texture": "#5"}
			}
		},
		{
			"from": [-3, 0, 7.5],
			"to": [-2, 1, 8.5],
			"rotation": {"angle": 0, "axis": "y", "origin": [23, 15.5, 15]},
			"faces": {
				"north": {"uv": [8, 6, 9, 7], "texture": "#5"},
				"east": {"uv": [8, 6, 9, 7], "texture": "#5"},
				"south": {"uv": [8, 6, 9, 7], "texture": "#5"},
				"west": {"uv": [8, 6, 9, 7], "texture": "#5"},
				"up": {"uv": [8, 6, 9, 7], "texture": "#5"},
				"down": {"uv": [8, 6, 9, 7], "texture": "#5"}
			}
		},
		{
			"from": [-5, 2, 7.5],
			"to": [-4, 3, 8.5],
			"rotation": {"angle": 0, "axis": "y", "origin": [23, 15.5, 15]},
			"faces": {
				"north": {"uv": [8, 6, 9, 7], "texture": "#5"},
				"east": {"uv": [8, 6, 9, 7], "texture": "#5"},
				"south": {"uv": [8, 6, 9, 7], "texture": "#5"},
				"west": {"uv": [8, 6, 9, 7], "texture": "#5"},
				"up": {"uv": [8, 6, 9, 7], "texture": "#5"},
				"down": {"uv": [8, 6, 9, 7], "texture": "#5"}
			}
		},
		{
			"from": [2, 8, 7.5],
			"to": [3, 9, 8.5],
			"rotation": {"angle": 0, "axis": "y", "origin": [23, 15.5, 15]},
			"faces": {
				"north": {"uv": [7, 7, 8, 8], "texture": "#0"},
				"east": {"uv": [7, 7, 8, 8], "texture": "#0"},
				"south": {"uv": [7, 7, 8, 8], "texture": "#0"},
				"west": {"uv": [7, 7, 8, 8], "texture": "#0"},
				"up": {"uv": [7, 7, 8, 8], "texture": "#0"},
				"down": {"uv": [7, 7, 8, 8], "texture": "#0"}
			}
		},
		{
			"from": [3, 8, 7.5],
			"to": [4, 9, 8.5],
			"rotation": {"angle": 0, "axis": "y", "origin": [23, 15.5, 15]},
			"faces": {
				"north": {"uv": [8, 7, 9, 8], "texture": "#5"},
				"east": {"uv": [8, 7, 9, 8], "texture": "#5"},
				"south": {"uv": [8, 7, 9, 8], "texture": "#5"},
				"west": {"uv": [8, 7, 9, 8], "texture": "#5"},
				"up": {"uv": [8, 7, 9, 8], "texture": "#5"},
				"down": {"uv": [8, 7, 9, 8], "texture": "#5"}
			}
		},
		{
			"from": [3, 7, 7.5],
			"to": [4, 8, 8.5],
			"rotation": {"angle": 0, "axis": "y", "origin": [23, 15.5, 15]},
			"faces": {
				"north": {"uv": [7, 7, 8, 8], "texture": "#0"},
				"east": {"uv": [7, 7, 8, 8], "texture": "#0"},
				"south": {"uv": [7, 7, 8, 8], "texture": "#0"},
				"west": {"uv": [7, 7, 8, 8], "texture": "#0"},
				"up": {"uv": [7, 7, 8, 8], "texture": "#0"},
				"down": {"uv": [7, 7, 8, 8], "texture": "#0"}
			}
		},
		{
			"from": [3, 6, 7.5],
			"to": [4, 7, 8.5],
			"rotation": {"angle": 0, "axis": "y", "origin": [23, 15.5, 15]},
			"faces": {
				"north": {"uv": [7, 7, 8, 8], "texture": "#0"},
				"east": {"uv": [7, 7, 8, 8], "texture": "#0"},
				"south": {"uv": [7, 7, 8, 8], "texture": "#0"},
				"west": {"uv": [7, 7, 8, 8], "texture": "#0"},
				"up": {"uv": [7, 7, 8, 8], "texture": "#0"},
				"down": {"uv": [7, 7, 8, 8], "texture": "#0"}
			}
		},
		{
			"from": [4, 5, 7.5],
			"to": [5, 6, 8.5],
			"rotation": {"angle": 0, "axis": "y", "origin": [23, 15.5, 15]},
			"faces": {
				"north": {"uv": [2, 7, 3, 8], "texture": "#5"},
				"east": {"uv": [2, 7, 3, 8], "texture": "#5"},
				"south": {"uv": [2, 7, 3, 8], "texture": "#5"},
				"west": {"uv": [2, 7, 3, 8], "texture": "#5"},
				"up": {"uv": [2, 7, 3, 8], "texture": "#5"},
				"down": {"uv": [2, 7, 3, 8], "texture": "#5"}
			}
		},
		{
			"from": [4, 4, 7.5],
			"to": [5, 5, 8.5],
			"rotation": {"angle": 0, "axis": "y", "origin": [23, 15.5, 15]},
			"faces": {
				"north": {"uv": [2, 7, 3, 8], "texture": "#5"},
				"east": {"uv": [2, 7, 3, 8], "texture": "#5"},
				"south": {"uv": [2, 7, 3, 8], "texture": "#5"},
				"west": {"uv": [2, 7, 3, 8], "texture": "#5"},
				"up": {"uv": [2, 7, 3, 8], "texture": "#5"},
				"down": {"uv": [2, 7, 3, 8], "texture": "#5"}
			}
		},
		{
			"from": [5, 5, 7.5],
			"to": [6, 6, 8.5],
			"rotation": {"angle": 0, "axis": "y", "origin": [23, 15.5, 15]},
			"faces": {
				"north": {"uv": [2, 7, 3, 8], "texture": "#5"},
				"east": {"uv": [2, 7, 3, 8], "texture": "#5"},
				"south": {"uv": [2, 7, 3, 8], "texture": "#5"},
				"west": {"uv": [2, 7, 3, 8], "texture": "#5"},
				"up": {"uv": [2, 7, 3, 8], "texture": "#5"},
				"down": {"uv": [2, 7, 3, 8], "texture": "#5"}
			}
		},
		{
			"from": [6, 6, 7.5],
			"to": [7, 7, 8.5],
			"rotation": {"angle": 0, "axis": "y", "origin": [23, 15.5, 15]},
			"faces": {
				"north": {"uv": [3, 3, 4, 4], "texture": "#5"},
				"east": {"uv": [3, 3, 4, 4], "texture": "#5"},
				"south": {"uv": [3, 3, 4, 4], "texture": "#5"},
				"west": {"uv": [3, 3, 4, 4], "texture": "#5"},
				"up": {"uv": [3, 3, 4, 4], "texture": "#5"},
				"down": {"uv": [3, 3, 4, 4], "texture": "#5"}
			}
		},
		{
			"from": [7, 7, 7.5],
			"to": [8, 8, 8.5],
			"rotation": {"angle": 0, "axis": "y", "origin": [23, 15.5, 15]},
			"faces": {
				"north": {"uv": [3, 3, 4, 4], "texture": "#5"},
				"east": {"uv": [3, 3, 4, 4], "texture": "#5"},
				"south": {"uv": [3, 3, 4, 4], "texture": "#5"},
				"west": {"uv": [3, 3, 4, 4], "texture": "#5"},
				"up": {"uv": [3, 3, 4, 4], "texture": "#5"},
				"down": {"uv": [3, 3, 4, 4], "texture": "#5"}
			}
		},
		{
			"from": [5, 4, 7.5],
			"to": [6, 5, 8.5],
			"rotation": {"angle": 0, "axis": "y", "origin": [23, 15.5, 15]},
			"faces": {
				"north": {"uv": [2, 7, 3, 8], "texture": "#5"},
				"east": {"uv": [2, 7, 3, 8], "texture": "#5"},
				"south": {"uv": [2, 7, 3, 8], "texture": "#5"},
				"west": {"uv": [2, 7, 3, 8], "texture": "#5"},
				"up": {"uv": [2, 7, 3, 8], "texture": "#5"},
				"down": {"uv": [2, 7, 3, 8], "texture": "#5"}
			}
		},
		{
			"from": [4, 3, 7.5],
			"to": [5, 4, 8.5],
			"rotation": {"angle": 0, "axis": "y", "origin": [23, 15.5, 15]},
			"faces": {
				"north": {"uv": [2, 7, 3, 8], "texture": "#5"},
				"east": {"uv": [2, 7, 3, 8], "texture": "#5"},
				"south": {"uv": [2, 7, 3, 8], "texture": "#5"},
				"west": {"uv": [2, 7, 3, 8], "texture": "#5"},
				"up": {"uv": [2, 7, 3, 8], "texture": "#5"},
				"down": {"uv": [2, 7, 3, 8], "texture": "#5"}
			}
		},
		{
			"from": [4, 2, 7.5],
			"to": [5, 3, 8.5],
			"rotation": {"angle": 0, "axis": "y", "origin": [23, 15.5, 15]},
			"faces": {
				"north": {"uv": [2, 7, 3, 8], "texture": "#5"},
				"east": {"uv": [2, 7, 3, 8], "texture": "#5"},
				"south": {"uv": [2, 7, 3, 8], "texture": "#5"},
				"west": {"uv": [2, 7, 3, 8], "texture": "#5"},
				"up": {"uv": [2, 7, 3, 8], "texture": "#5"},
				"down": {"uv": [2, 7, 3, 8], "texture": "#5"}
			}
		},
		{
			"from": [7, 6, 7.5],
			"to": [8, 7, 8.5],
			"rotation": {"angle": 0, "axis": "y", "origin": [23, 15.5, 15]},
			"faces": {
				"north": {"uv": [3, 4, 4, 5], "texture": "#5"},
				"east": {"uv": [3, 4, 4, 5], "texture": "#5"},
				"south": {"uv": [3, 4, 4, 5], "texture": "#5"},
				"west": {"uv": [3, 4, 4, 5], "texture": "#5"},
				"up": {"uv": [3, 4, 4, 5], "texture": "#5"},
				"down": {"uv": [3, 4, 4, 5], "texture": "#5"}
			}
		},
		{
			"from": [8, 5, 7.5],
			"to": [9, 6, 8.5],
			"rotation": {"angle": 0, "axis": "y", "origin": [23, 15.5, 15]},
			"faces": {
				"north": {"uv": [3, 3, 4, 4], "texture": "#5"},
				"east": {"uv": [3, 3, 4, 4], "texture": "#5"},
				"south": {"uv": [3, 3, 4, 4], "texture": "#5"},
				"west": {"uv": [3, 3, 4, 4], "texture": "#5"},
				"up": {"uv": [3, 3, 4, 4], "texture": "#5"},
				"down": {"uv": [3, 3, 4, 4], "texture": "#5"}
			}
		},
		{
			"from": [7, 4, 7.5],
			"to": [8, 5, 8.5],
			"rotation": {"angle": 0, "axis": "y", "origin": [23, 15.5, 15]},
			"faces": {
				"north": {"uv": [3, 3, 4, 4], "texture": "#5"},
				"east": {"uv": [3, 3, 4, 4], "texture": "#5"},
				"south": {"uv": [3, 3, 4, 4], "texture": "#5"},
				"west": {"uv": [3, 3, 4, 4], "texture": "#5"},
				"up": {"uv": [3, 3, 4, 4], "texture": "#5"},
				"down": {"uv": [3, 3, 4, 4], "texture": "#5"}
			}
		},
		{
			"from": [1, 12, 7.5],
			"to": [2, 13, 8.5],
			"rotation": {"angle": 0, "axis": "y", "origin": [23, 15.5, 15]},
			"faces": {
				"north": {"uv": [3, 4, 4, 5], "texture": "#5"},
				"east": {"uv": [3, 4, 4, 5], "texture": "#5"},
				"south": {"uv": [3, 4, 4, 5], "texture": "#5"},
				"west": {"uv": [3, 4, 4, 5], "texture": "#5"},
				"up": {"uv": [3, 4, 4, 5], "texture": "#5"},
				"down": {"uv": [3, 4, 4, 5], "texture": "#5"}
			}
		},
		{
			"from": [0, 13, 7.5],
			"to": [1, 14, 8.5],
			"rotation": {"angle": 0, "axis": "y", "origin": [23, 15.5, 15]},
			"faces": {
				"north": {"uv": [3, 3, 4, 4], "texture": "#5"},
				"east": {"uv": [3, 3, 4, 4], "texture": "#5"},
				"south": {"uv": [3, 3, 4, 4], "texture": "#5"},
				"west": {"uv": [3, 3, 4, 4], "texture": "#5"},
				"up": {"uv": [3, 3, 4, 4], "texture": "#5"},
				"down": {"uv": [3, 3, 4, 4], "texture": "#5"}
			}
		},
		{
			"from": [-1, 12, 7.5],
			"to": [0, 13, 8.5],
			"rotation": {"angle": 0, "axis": "y", "origin": [23, 15.5, 15]},
			"faces": {
				"north": {"uv": [3, 3, 4, 4], "texture": "#5"},
				"east": {"uv": [3, 3, 4, 4], "texture": "#5"},
				"south": {"uv": [3, 3, 4, 4], "texture": "#5"},
				"west": {"uv": [3, 3, 4, 4], "texture": "#5"},
				"up": {"uv": [3, 3, 4, 4], "texture": "#5"},
				"down": {"uv": [3, 3, 4, 4], "texture": "#5"}
			}
		},
		{
			"from": [4, 8, 7.5],
			"to": [5, 9, 8.5],
			"rotation": {"angle": 0, "axis": "y", "origin": [23, 15.5, 15]},
			"faces": {
				"north": {"uv": [8, 7, 9, 8], "texture": "#5"},
				"east": {"uv": [8, 7, 9, 8], "texture": "#5"},
				"south": {"uv": [8, 7, 9, 8], "texture": "#5"},
				"west": {"uv": [8, 7, 9, 8], "texture": "#5"},
				"up": {"uv": [8, 7, 9, 8], "texture": "#5"},
				"down": {"uv": [8, 7, 9, 8], "texture": "#5"}
			}
		},
		{
			"from": [3, 9, 7.5],
			"to": [4, 10, 8.5],
			"rotation": {"angle": 0, "axis": "y", "origin": [23, 15.5, 15]},
			"faces": {
				"north": {"uv": [8, 7, 9, 8], "texture": "#5"},
				"east": {"uv": [8, 7, 9, 8], "texture": "#5"},
				"south": {"uv": [8, 7, 9, 8], "texture": "#5"},
				"west": {"uv": [8, 7, 9, 8], "texture": "#5"},
				"up": {"uv": [8, 7, 9, 8], "texture": "#5"},
				"down": {"uv": [8, 7, 9, 8], "texture": "#5"}
			}
		},
		{
			"from": [4, 10, 7.5],
			"to": [5, 11, 8.5],
			"rotation": {"angle": 0, "axis": "y", "origin": [23, 15.5, 15]},
			"faces": {
				"north": {"uv": [8, 7, 9, 8], "texture": "#5"},
				"east": {"uv": [8, 7, 9, 8], "texture": "#5"},
				"south": {"uv": [8, 7, 9, 8], "texture": "#5"},
				"west": {"uv": [8, 7, 9, 8], "texture": "#5"},
				"up": {"uv": [8, 7, 9, 8], "texture": "#5"},
				"down": {"uv": [8, 7, 9, 8], "texture": "#5"}
			}
		},
		{
			"from": [5, 9, 7.5],
			"to": [6, 10, 8.5],
			"rotation": {"angle": 0, "axis": "y", "origin": [23, 15.5, 15]},
			"faces": {
				"north": {"uv": [8, 7, 9, 8], "texture": "#5"},
				"east": {"uv": [8, 7, 9, 8], "texture": "#5"},
				"south": {"uv": [8, 7, 9, 8], "texture": "#5"},
				"west": {"uv": [8, 7, 9, 8], "texture": "#5"},
				"up": {"uv": [8, 7, 9, 8], "texture": "#5"},
				"down": {"uv": [8, 7, 9, 8], "texture": "#5"}
			}
		},
		{
			"from": [6, 10, 7.5],
			"to": [7, 11, 8.5],
			"rotation": {"angle": 0, "axis": "y", "origin": [23, 15.5, 15]},
			"faces": {
				"north": {"uv": [8, 7, 9, 8], "texture": "#5"},
				"east": {"uv": [8, 7, 9, 8], "texture": "#5"},
				"south": {"uv": [8, 7, 9, 8], "texture": "#5"},
				"west": {"uv": [8, 7, 9, 8], "texture": "#5"},
				"up": {"uv": [8, 7, 9, 8], "texture": "#5"},
				"down": {"uv": [8, 7, 9, 8], "texture": "#5"}
			}
		},
		{
			"from": [5, 11, 7.5],
			"to": [6, 12, 8.5],
			"rotation": {"angle": 0, "axis": "y", "origin": [23, 15.5, 15]},
			"faces": {
				"north": {"uv": [8, 7, 9, 8], "texture": "#5"},
				"east": {"uv": [8, 7, 9, 8], "texture": "#5"},
				"south": {"uv": [8, 7, 9, 8], "texture": "#5"},
				"west": {"uv": [8, 7, 9, 8], "texture": "#5"},
				"up": {"uv": [8, 7, 9, 8], "texture": "#5"},
				"down": {"uv": [8, 7, 9, 8], "texture": "#5"}
			}
		},
		{
			"from": [7, 11, 7.5],
			"to": [8, 12, 8.5],
			"rotation": {"angle": 0, "axis": "y", "origin": [23, 15.5, 15]},
			"faces": {
				"north": {"uv": [8, 7, 9, 8], "texture": "#5"},
				"east": {"uv": [8, 7, 9, 8], "texture": "#5"},
				"south": {"uv": [8, 7, 9, 8], "texture": "#5"},
				"west": {"uv": [8, 7, 9, 8], "texture": "#5"},
				"up": {"uv": [8, 7, 9, 8], "texture": "#5"},
				"down": {"uv": [8, 7, 9, 8], "texture": "#5"}
			}
		},
		{
			"from": [6, 12, 7.5],
			"to": [7, 13, 8.5],
			"rotation": {"angle": 0, "axis": "y", "origin": [23, 15.5, 15]},
			"faces": {
				"north": {"uv": [8, 7, 9, 8], "texture": "#5"},
				"east": {"uv": [8, 7, 9, 8], "texture": "#5"},
				"south": {"uv": [8, 7, 9, 8], "texture": "#5"},
				"west": {"uv": [8, 7, 9, 8], "texture": "#5"},
				"up": {"uv": [8, 7, 9, 8], "texture": "#5"},
				"down": {"uv": [8, 7, 9, 8], "texture": "#5"}
			}
		},
		{
			"from": [9, 13, 7.5],
			"to": [10, 14, 8.5],
			"rotation": {"angle": 0, "axis": "y", "origin": [23, 15.5, 15]},
			"faces": {
				"north": {"uv": [5, 7, 6, 8], "texture": "#2"},
				"east": {"uv": [9, 9, 10, 10], "texture": "#2"},
				"south": {"uv": [9, 9, 10, 10], "texture": "#2"},
				"west": {"uv": [9, 9, 10, 10], "texture": "#2"},
				"up": {"uv": [9, 9, 10, 10], "texture": "#2"},
				"down": {"uv": [9, 9, 10, 10], "texture": "#2"}
			}
		},
		{
			"from": [8, 14, 7.5],
			"to": [9, 15, 8.5],
			"rotation": {"angle": 0, "axis": "y", "origin": [23, 15.5, 15]},
			"faces": {
				"north": {"uv": [5, 7, 6, 8], "texture": "#2"},
				"east": {"uv": [9, 9, 10, 10], "texture": "#2"},
				"south": {"uv": [9, 9, 10, 10], "texture": "#2"},
				"west": {"uv": [9, 9, 10, 10], "texture": "#2"},
				"up": {"uv": [9, 9, 10, 10], "texture": "#2"},
				"down": {"uv": [9, 9, 10, 10], "texture": "#2"}
			}
		},
		{
			"from": [10, 14, 7.5],
			"to": [11, 15, 8.5],
			"rotation": {"angle": 0, "axis": "y", "origin": [23, 15.5, 15]},
			"faces": {
				"north": {"uv": [5, 7, 6, 8], "texture": "#2"},
				"east": {"uv": [9, 9, 10, 10], "texture": "#2"},
				"south": {"uv": [9, 9, 10, 10], "texture": "#2"},
				"west": {"uv": [9, 9, 10, 10], "texture": "#2"},
				"up": {"uv": [9, 9, 10, 10], "texture": "#2"},
				"down": {"uv": [9, 9, 10, 10], "texture": "#2"}
			}
		},
		{
			"from": [11, 15, 7.5],
			"to": [12, 16, 8.5],
			"rotation": {"angle": 0, "axis": "y", "origin": [23, 15.5, 15]},
			"faces": {
				"north": {"uv": [9, 9, 10, 10], "texture": "#2"},
				"east": {"uv": [9, 9, 10, 10], "texture": "#2"},
				"south": {"uv": [9, 9, 10, 10], "texture": "#2"},
				"west": {"uv": [9, 9, 10, 10], "texture": "#2"},
				"up": {"uv": [9, 9, 10, 10], "texture": "#2"},
				"down": {"uv": [9, 9, 10, 10], "texture": "#2"}
			}
		},
		{
			"from": [8, 12, 7.5],
			"to": [9, 13, 8.5],
			"rotation": {"angle": 0, "axis": "y", "origin": [23, 15.5, 15]},
			"faces": {
				"north": {"uv": [9, 9, 10, 10], "texture": "#2"},
				"east": {"uv": [9, 9, 10, 10], "texture": "#2"},
				"south": {"uv": [9, 9, 10, 10], "texture": "#2"},
				"west": {"uv": [9, 9, 10, 10], "texture": "#2"},
				"up": {"uv": [9, 9, 10, 10], "texture": "#2"},
				"down": {"uv": [9, 9, 10, 10], "texture": "#2"}
			}
		},
		{
			"from": [7, 13, 7.5],
			"to": [8, 14, 8.5],
			"rotation": {"angle": 0, "axis": "y", "origin": [23, 15.5, 15]},
			"faces": {
				"north": {"uv": [9, 9, 10, 10], "texture": "#2"},
				"east": {"uv": [9, 9, 10, 10], "texture": "#2"},
				"south": {"uv": [9, 9, 10, 10], "texture": "#2"},
				"west": {"uv": [9, 9, 10, 10], "texture": "#2"},
				"up": {"uv": [9, 9, 10, 10], "texture": "#2"},
				"down": {"uv": [9, 9, 10, 10], "texture": "#2"}
			}
		},
		{
			"from": [11, 14, 7.5],
			"to": [12, 15, 8.5],
			"rotation": {"angle": 0, "axis": "y", "origin": [23, 15.5, 15]},
			"faces": {
				"north": {"uv": [9, 6, 10, 7], "texture": "#6"},
				"east": {"uv": [9, 6, 10, 7], "texture": "#6"},
				"south": {"uv": [9, 6, 10, 7], "texture": "#6"},
				"west": {"uv": [9, 6, 10, 7], "texture": "#6"},
				"up": {"uv": [9, 6, 10, 7], "texture": "#6"},
				"down": {"uv": [9, 6, 10, 7], "texture": "#6"}
			}
		},
		{
			"from": [10, 13, 7.5],
			"to": [11, 14, 8.5],
			"rotation": {"angle": 0, "axis": "y", "origin": [23, 15.5, 15]},
			"faces": {
				"north": {"uv": [9, 6, 10, 7], "texture": "#6"},
				"east": {"uv": [9, 6, 10, 7], "texture": "#6"},
				"south": {"uv": [9, 6, 10, 7], "texture": "#6"},
				"west": {"uv": [9, 6, 10, 7], "texture": "#6"},
				"up": {"uv": [9, 6, 10, 7], "texture": "#6"},
				"down": {"uv": [9, 6, 10, 7], "texture": "#6"}
			}
		},
		{
			"from": [8, 15, 7.5],
			"to": [9, 16, 8.5],
			"rotation": {"angle": 0, "axis": "y", "origin": [23, 15.5, 15]},
			"faces": {
				"north": {"uv": [9, 8, 10, 9], "texture": "#6"},
				"east": {"uv": [9, 8, 10, 9], "texture": "#6"},
				"south": {"uv": [9, 8, 10, 9], "texture": "#6"},
				"west": {"uv": [9, 8, 10, 9], "texture": "#6"},
				"up": {"uv": [9, 8, 10, 9], "texture": "#6"},
				"down": {"uv": [9, 8, 10, 9], "texture": "#6"}
			}
		},
		{
			"from": [9, 16, 7.5],
			"to": [10, 17, 8.5],
			"rotation": {"angle": 0, "axis": "y", "origin": [23, 15.5, 15]},
			"faces": {
				"north": {"uv": [9, 8, 10, 9], "texture": "#6"},
				"east": {"uv": [9, 8, 10, 9], "texture": "#6"},
				"south": {"uv": [9, 8, 10, 9], "texture": "#6"},
				"west": {"uv": [9, 8, 10, 9], "texture": "#6"},
				"up": {"uv": [9, 8, 10, 9], "texture": "#6"},
				"down": {"uv": [9, 8, 10, 9], "texture": "#6"}
			}
		},
		{
			"from": [10, 17, 7.5],
			"to": [11, 18, 8.5],
			"rotation": {"angle": 0, "axis": "y", "origin": [23, 15.5, 15]},
			"faces": {
				"north": {"uv": [9, 8, 10, 9], "texture": "#6"},
				"east": {"uv": [9, 8, 10, 9], "texture": "#6"},
				"south": {"uv": [9, 8, 10, 9], "texture": "#6"},
				"west": {"uv": [9, 8, 10, 9], "texture": "#6"},
				"up": {"uv": [9, 8, 10, 9], "texture": "#6"},
				"down": {"uv": [9, 8, 10, 9], "texture": "#6"}
			}
		},
		{
			"from": [12, 15, 7.5],
			"to": [13, 16, 8.5],
			"rotation": {"angle": 0, "axis": "y", "origin": [23, 15.5, 15]},
			"faces": {
				"north": {"uv": [9, 6, 10, 7], "texture": "#6"},
				"east": {"uv": [9, 6, 10, 7], "texture": "#6"},
				"south": {"uv": [9, 6, 10, 7], "texture": "#6"},
				"west": {"uv": [9, 6, 10, 7], "texture": "#6"},
				"up": {"uv": [9, 6, 10, 7], "texture": "#6"},
				"down": {"uv": [9, 6, 10, 7], "texture": "#6"}
			}
		},
		{
			"from": [7, 14, 7.5],
			"to": [8, 15, 8.5],
			"rotation": {"angle": 0, "axis": "y", "origin": [23, 15.5, 15]},
			"faces": {
				"north": {"uv": [9, 8, 10, 9], "texture": "#6"},
				"east": {"uv": [9, 8, 10, 9], "texture": "#6"},
				"south": {"uv": [9, 8, 10, 9], "texture": "#6"},
				"west": {"uv": [9, 8, 10, 9], "texture": "#6"},
				"up": {"uv": [9, 8, 10, 9], "texture": "#6"},
				"down": {"uv": [9, 8, 10, 9], "texture": "#6"}
			}
		},
		{
			"from": [6, 13, 7.5],
			"to": [7, 14, 8.5],
			"rotation": {"angle": 0, "axis": "y", "origin": [23, 15.5, 15]},
			"faces": {
				"north": {"uv": [9, 8, 10, 9], "texture": "#6"},
				"east": {"uv": [9, 8, 10, 9], "texture": "#6"},
				"south": {"uv": [9, 8, 10, 9], "texture": "#6"},
				"west": {"uv": [9, 8, 10, 9], "texture": "#6"},
				"up": {"uv": [9, 8, 10, 9], "texture": "#6"},
				"down": {"uv": [9, 8, 10, 9], "texture": "#6"}
			}
		},
		{
			"from": [8, 11, 7.5],
			"to": [9, 12, 8.5],
			"rotation": {"angle": 0, "axis": "y", "origin": [23, 15.5, 15]},
			"faces": {
				"north": {"uv": [9, 6, 10, 7], "texture": "#6"},
				"east": {"uv": [9, 6, 10, 7], "texture": "#6"},
				"south": {"uv": [9, 6, 10, 7], "texture": "#6"},
				"west": {"uv": [9, 6, 10, 7], "texture": "#6"},
				"up": {"uv": [9, 6, 10, 7], "texture": "#6"},
				"down": {"uv": [9, 6, 10, 7], "texture": "#6"}
			}
		},
		{
			"from": [9, 12, 7.5],
			"to": [10, 13, 8.5],
			"rotation": {"angle": 0, "axis": "y", "origin": [23, 15.5, 15]},
			"faces": {
				"north": {"uv": [9, 6, 10, 7], "texture": "#6"},
				"east": {"uv": [9, 6, 10, 7], "texture": "#6"},
				"south": {"uv": [9, 6, 10, 7], "texture": "#6"},
				"west": {"uv": [9, 6, 10, 7], "texture": "#6"},
				"up": {"uv": [9, 6, 10, 7], "texture": "#6"},
				"down": {"uv": [9, 6, 10, 7], "texture": "#6"}
			}
		},
		{
			"from": [12, 16, 7.5],
			"to": [13, 17, 8.5],
			"rotation": {"angle": 0, "axis": "y", "origin": [23, 15.5, 15]},
			"faces": {
				"north": {"uv": [4, 10, 5, 11], "texture": "#4"},
				"east": {"uv": [4, 10, 5, 11], "texture": "#4"},
				"south": {"uv": [4, 10, 5, 11], "texture": "#4"},
				"west": {"uv": [4, 10, 5, 11], "texture": "#4"},
				"up": {"uv": [4, 10, 5, 11], "texture": "#4"},
				"down": {"uv": [4, 10, 5, 11], "texture": "#4"}
			}
		},
		{
			"from": [13, 17, 7.5],
			"to": [14, 18, 8.5],
			"rotation": {"angle": 0, "axis": "y", "origin": [23, 15.5, 15]},
			"faces": {
				"north": {"uv": [4, 10, 5, 11], "texture": "#4"},
				"east": {"uv": [4, 10, 5, 11], "texture": "#4"},
				"south": {"uv": [4, 10, 5, 11], "texture": "#4"},
				"west": {"uv": [4, 10, 5, 11], "texture": "#4"},
				"up": {"uv": [4, 10, 5, 11], "texture": "#4"},
				"down": {"uv": [4, 10, 5, 11], "texture": "#4"}
			}
		},
		{
			"from": [14, 18, 7.5],
			"to": [15, 19, 8.5],
			"rotation": {"angle": 0, "axis": "y", "origin": [23, 15.5, 15]},
			"faces": {
				"north": {"uv": [4, 10, 5, 11], "texture": "#4"},
				"east": {"uv": [4, 10, 5, 11], "texture": "#4"},
				"south": {"uv": [4, 10, 5, 11], "texture": "#4"},
				"west": {"uv": [4, 10, 5, 11], "texture": "#4"},
				"up": {"uv": [4, 10, 5, 11], "texture": "#4"},
				"down": {"uv": [4, 10, 5, 11], "texture": "#4"}
			}
		},
		{
			"from": [15, 19, 7.5],
			"to": [16, 20, 8.5],
			"rotation": {"angle": 0, "axis": "y", "origin": [23, 15.5, 15]},
			"faces": {
				"north": {"uv": [4, 10, 5, 11], "texture": "#4"},
				"east": {"uv": [4, 10, 5, 11], "texture": "#4"},
				"south": {"uv": [4, 10, 5, 11], "texture": "#4"},
				"west": {"uv": [4, 10, 5, 11], "texture": "#4"},
				"up": {"uv": [4, 10, 5, 11], "texture": "#4"},
				"down": {"uv": [4, 10, 5, 11], "texture": "#4"}
			}
		},
		{
			"from": [11, 16, 7.5],
			"to": [12, 17, 8.5],
			"rotation": {"angle": 0, "axis": "y", "origin": [23, 15.5, 15]},
			"faces": {
				"north": {"uv": [1, 1, 2, 2], "texture": "#2"},
				"east": {"uv": [0, 0, 1, 1], "texture": "#2"},
				"south": {"uv": [0, 0, 1, 1], "texture": "#2"},
				"west": {"uv": [0, 0, 1, 1], "texture": "#2"},
				"up": {"uv": [0, 0, 1, 1], "texture": "#2"},
				"down": {"uv": [0, 0, 1, 1], "texture": "#2"}
			}
		},
		{
			"from": [12, 17, 7.5],
			"to": [13, 18, 8.5],
			"rotation": {"angle": 0, "axis": "y", "origin": [23, 15.5, 15]},
			"faces": {
				"north": {"uv": [1, 1, 2, 2], "texture": "#2"},
				"east": {"uv": [0, 0, 1, 1], "texture": "#2"},
				"south": {"uv": [0, 0, 1, 1], "texture": "#2"},
				"west": {"uv": [0, 0, 1, 1], "texture": "#2"},
				"up": {"uv": [0, 0, 1, 1], "texture": "#2"},
				"down": {"uv": [0, 0, 1, 1], "texture": "#2"}
			}
		},
		{
			"from": [13, 18, 7.5],
			"to": [14, 19, 8.5],
			"rotation": {"angle": 0, "axis": "y", "origin": [23, 15.5, 15]},
			"faces": {
				"north": {"uv": [1, 1, 2, 2], "texture": "#2"},
				"east": {"uv": [0, 0, 1, 1], "texture": "#2"},
				"south": {"uv": [0, 0, 1, 1], "texture": "#2"},
				"west": {"uv": [0, 0, 1, 1], "texture": "#2"},
				"up": {"uv": [0, 0, 1, 1], "texture": "#2"},
				"down": {"uv": [0, 0, 1, 1], "texture": "#2"}
			}
		},
		{
			"from": [14, 19, 7.5],
			"to": [15, 20, 8.5],
			"rotation": {"angle": 0, "axis": "y", "origin": [23, 15.5, 15]},
			"faces": {
				"north": {"uv": [1, 1, 2, 2], "texture": "#2"},
				"east": {"uv": [0, 0, 1, 1], "texture": "#2"},
				"south": {"uv": [0, 0, 1, 1], "texture": "#2"},
				"west": {"uv": [0, 0, 1, 1], "texture": "#2"},
				"up": {"uv": [0, 0, 1, 1], "texture": "#2"},
				"down": {"uv": [0, 0, 1, 1], "texture": "#2"}
			}
		},
		{
			"from": [15, 20, 7.5],
			"to": [16, 21, 8.5],
			"rotation": {"angle": 0, "axis": "y", "origin": [23, 15.5, 15]},
			"faces": {
				"north": {"uv": [1, 1, 2, 2], "texture": "#2"},
				"east": {"uv": [0, 0, 1, 1], "texture": "#2"},
				"south": {"uv": [0, 0, 1, 1], "texture": "#2"},
				"west": {"uv": [0, 0, 1, 1], "texture": "#2"},
				"up": {"uv": [0, 0, 1, 1], "texture": "#2"},
				"down": {"uv": [0, 0, 1, 1], "texture": "#2"}
			}
		},
		{
			"from": [10, 15, 7.5],
			"to": [11, 16, 8.5],
			"rotation": {"angle": 0, "axis": "y", "origin": [23, 15.5, 15]},
			"faces": {
				"north": {"uv": [1, 1, 2, 2], "texture": "#2"},
				"east": {"uv": [0, 0, 1, 1], "texture": "#2"},
				"south": {"uv": [0, 0, 1, 1], "texture": "#2"},
				"west": {"uv": [0, 0, 1, 1], "texture": "#2"},
				"up": {"uv": [0, 0, 1, 1], "texture": "#2"},
				"down": {"uv": [0, 0, 1, 1], "texture": "#2"}
			}
		},
		{
			"from": [9, 14, 7.5],
			"to": [10, 15, 8.5],
			"rotation": {"angle": 0, "axis": "y", "origin": [23, 15.5, 15]},
			"faces": {
				"north": {"uv": [1, 1, 2, 2], "texture": "#2"},
				"east": {"uv": [0, 0, 1, 1], "texture": "#2"},
				"south": {"uv": [0, 0, 1, 1], "texture": "#2"},
				"west": {"uv": [0, 0, 1, 1], "texture": "#2"},
				"up": {"uv": [0, 0, 1, 1], "texture": "#2"},
				"down": {"uv": [0, 0, 1, 1], "texture": "#2"}
			}
		},
		{
			"from": [8, 13, 7.5],
			"to": [9, 14, 8.5],
			"rotation": {"angle": 0, "axis": "y", "origin": [23, 15.5, 15]},
			"faces": {
				"north": {"uv": [1, 1, 2, 2], "texture": "#2"},
				"east": {"uv": [0, 0, 1, 1], "texture": "#2"},
				"south": {"uv": [0, 0, 1, 1], "texture": "#2"},
				"west": {"uv": [0, 0, 1, 1], "texture": "#2"},
				"up": {"uv": [0, 0, 1, 1], "texture": "#2"},
				"down": {"uv": [0, 0, 1, 1], "texture": "#2"}
			}
		},
		{
			"from": [7, 12, 7.5],
			"to": [8, 13, 8.5],
			"rotation": {"angle": 0, "axis": "y", "origin": [23, 15.5, 15]},
			"faces": {
				"north": {"uv": [1, 1, 2, 2], "texture": "#2"},
				"east": {"uv": [0, 0, 1, 1], "texture": "#2"},
				"south": {"uv": [0, 0, 1, 1], "texture": "#2"},
				"west": {"uv": [0, 0, 1, 1], "texture": "#2"},
				"up": {"uv": [0, 0, 1, 1], "texture": "#2"},
				"down": {"uv": [0, 0, 1, 1], "texture": "#2"}
			}
		},
		{
			"from": [6, 11, 7.5],
			"to": [7, 12, 8.5],
			"rotation": {"angle": 0, "axis": "y", "origin": [23, 15.5, 15]},
			"faces": {
				"north": {"uv": [1, 1, 2, 2], "texture": "#2"},
				"east": {"uv": [0, 0, 1, 1], "texture": "#2"},
				"south": {"uv": [0, 0, 1, 1], "texture": "#2"},
				"west": {"uv": [0, 0, 1, 1], "texture": "#2"},
				"up": {"uv": [0, 0, 1, 1], "texture": "#2"},
				"down": {"uv": [0, 0, 1, 1], "texture": "#2"}
			}
		},
		{
			"from": [5, 10, 7.5],
			"to": [6, 11, 8.5],
			"rotation": {"angle": 0, "axis": "y", "origin": [23, 15.5, 15]},
			"faces": {
				"north": {"uv": [1, 1, 2, 2], "texture": "#2"},
				"east": {"uv": [1, 1, 2, 2], "texture": "#2"},
				"south": {"uv": [1, 1, 2, 2], "texture": "#2"},
				"west": {"uv": [1, 1, 2, 2], "texture": "#2"},
				"up": {"uv": [1, 1, 2, 2], "texture": "#2"},
				"down": {"uv": [1, 1, 2, 2], "texture": "#2"}
			}
		},
		{
			"from": [4, 9, 7.5],
			"to": [5, 10, 8.5],
			"rotation": {"angle": 0, "axis": "y", "origin": [23, 15.5, 15]},
			"faces": {
				"north": {"uv": [1, 1, 2, 2], "texture": "#2"},
				"east": {"uv": [0, 0, 1, 1], "texture": "#2"},
				"south": {"uv": [0, 0, 1, 1], "texture": "#2"},
				"west": {"uv": [0, 0, 1, 1], "texture": "#2"},
				"up": {"uv": [0, 0, 1, 1], "texture": "#2"},
				"down": {"uv": [0, 0, 1, 1], "texture": "#2"}
			}
		},
		{
			"from": [9, 15, 7.5],
			"to": [10, 16, 8.5],
			"rotation": {"angle": 0, "axis": "y", "origin": [23, 15.5, 15]},
			"faces": {
				"north": {"uv": [5, 7, 6, 8], "texture": "#2"},
				"east": {"uv": [9, 9, 10, 10], "texture": "#2"},
				"south": {"uv": [9, 9, 10, 10], "texture": "#2"},
				"west": {"uv": [9, 9, 10, 10], "texture": "#2"},
				"up": {"uv": [9, 9, 10, 10], "texture": "#2"},
				"down": {"uv": [9, 9, 10, 10], "texture": "#2"}
			}
		},
		{
			"from": [10, 16, 7.5],
			"to": [11, 17, 8.5],
			"rotation": {"angle": 0, "axis": "y", "origin": [23, 15.5, 15]},
			"faces": {
				"north": {"uv": [9, 9, 10, 10], "texture": "#2"},
				"east": {"uv": [9, 9, 10, 10], "texture": "#2"},
				"south": {"uv": [9, 9, 10, 10], "texture": "#2"},
				"west": {"uv": [9, 9, 10, 10], "texture": "#2"},
				"up": {"uv": [9, 9, 10, 10], "texture": "#2"},
				"down": {"uv": [9, 9, 10, 10], "texture": "#2"}
			}
		},
		{
			"from": [11, 17, 7.5],
			"to": [12, 18, 8.5],
			"rotation": {"angle": 0, "axis": "y", "origin": [23, 15.5, 15]},
			"faces": {
				"north": {"uv": [4, 10, 5, 11], "texture": "#4"},
				"east": {"uv": [4, 10, 5, 11], "texture": "#4"},
				"south": {"uv": [4, 10, 5, 11], "texture": "#4"},
				"west": {"uv": [4, 10, 5, 11], "texture": "#4"},
				"up": {"uv": [4, 10, 5, 11], "texture": "#4"},
				"down": {"uv": [4, 10, 5, 11], "texture": "#4"}
			}
		},
		{
			"from": [12, 18, 7.5],
			"to": [13, 19, 8.5],
			"rotation": {"angle": 0, "axis": "y", "origin": [23, 15.5, 15]},
			"faces": {
				"north": {"uv": [4, 10, 5, 11], "texture": "#4"},
				"east": {"uv": [4, 10, 5, 11], "texture": "#4"},
				"south": {"uv": [4, 10, 5, 11], "texture": "#4"},
				"west": {"uv": [4, 10, 5, 11], "texture": "#4"},
				"up": {"uv": [4, 10, 5, 11], "texture": "#4"},
				"down": {"uv": [4, 10, 5, 11], "texture": "#4"}
			}
		},
		{
			"from": [13, 19, 7.5],
			"to": [14, 20, 8.5],
			"rotation": {"angle": 0, "axis": "y", "origin": [23, 15.5, 15]},
			"faces": {
				"north": {"uv": [4, 10, 5, 11], "texture": "#4"},
				"east": {"uv": [4, 10, 5, 11], "texture": "#4"},
				"south": {"uv": [4, 10, 5, 11], "texture": "#4"},
				"west": {"uv": [4, 10, 5, 11], "texture": "#4"},
				"up": {"uv": [4, 10, 5, 11], "texture": "#4"},
				"down": {"uv": [4, 10, 5, 11], "texture": "#4"}
			}
		},
		{
			"from": [14, 20, 7.5],
			"to": [15, 21, 8.5],
			"rotation": {"angle": 0, "axis": "y", "origin": [23, 15.5, 15]},
			"faces": {
				"north": {"uv": [4, 10, 5, 11], "texture": "#4"},
				"east": {"uv": [4, 10, 5, 11], "texture": "#4"},
				"south": {"uv": [4, 10, 5, 11], "texture": "#4"},
				"west": {"uv": [4, 10, 5, 11], "texture": "#4"},
				"up": {"uv": [4, 10, 5, 11], "texture": "#4"},
				"down": {"uv": [4, 10, 5, 11], "texture": "#4"}
			}
		},
		{
			"from": [16, 20, 7.5],
			"to": [17, 21, 8.5],
			"rotation": {"angle": 0, "axis": "y", "origin": [23, 15.5, 15]},
			"faces": {
				"north": {"uv": [4, 10, 5, 11], "texture": "#4"},
				"east": {"uv": [4, 10, 5, 11], "texture": "#4"},
				"south": {"uv": [4, 10, 5, 11], "texture": "#4"},
				"west": {"uv": [4, 10, 5, 11], "texture": "#4"},
				"up": {"uv": [4, 10, 5, 11], "texture": "#4"},
				"down": {"uv": [4, 10, 5, 11], "texture": "#4"}
			}
		},
		{
			"from": [17, 20, 7.5],
			"to": [18, 21, 8.5],
			"rotation": {"angle": 0, "axis": "y", "origin": [23, 15.5, 15]},
			"faces": {
				"north": {"uv": [8, 6, 9, 7], "texture": "#4"},
				"east": {"uv": [8, 6, 9, 7], "texture": "#4"},
				"south": {"uv": [8, 6, 9, 7], "texture": "#4"},
				"west": {"uv": [8, 6, 9, 7], "texture": "#4"},
				"up": {"uv": [8, 6, 9, 7], "texture": "#4"},
				"down": {"uv": [8, 6, 9, 7], "texture": "#4"}
			}
		},
		{
			"from": [18, 19, 7.5],
			"to": [19, 20, 8.5],
			"rotation": {"angle": 0, "axis": "y", "origin": [23, 15.5, 15]},
			"faces": {
				"north": {"uv": [10, 2, 11, 3], "texture": "#4"},
				"east": {"uv": [10, 2, 11, 3], "texture": "#4"},
				"south": {"uv": [10, 2, 11, 3], "texture": "#4"},
				"west": {"uv": [10, 2, 11, 3], "texture": "#4"},
				"up": {"uv": [10, 2, 11, 3], "texture": "#4"},
				"down": {"uv": [10, 2, 11, 3], "texture": "#4"}
			}
		},
		{
			"from": [17, 18, 7.5],
			"to": [18, 19, 8.5],
			"rotation": {"angle": 0, "axis": "y", "origin": [23, 15.5, 15]},
			"faces": {
				"north": {"uv": [10, 2, 11, 3], "texture": "#4"},
				"east": {"uv": [10, 2, 11, 3], "texture": "#4"},
				"south": {"uv": [10, 2, 11, 3], "texture": "#4"},
				"west": {"uv": [10, 2, 11, 3], "texture": "#4"},
				"up": {"uv": [10, 2, 11, 3], "texture": "#4"},
				"down": {"uv": [10, 2, 11, 3], "texture": "#4"}
			}
		},
		{
			"from": [13, 22, 7.5],
			"to": [14, 23, 8.5],
			"rotation": {"angle": 0, "axis": "y", "origin": [23, 15.5, 15]},
			"faces": {
				"north": {"uv": [10, 2, 11, 3], "texture": "#4"},
				"east": {"uv": [10, 2, 11, 3], "texture": "#4"},
				"south": {"uv": [10, 2, 11, 3], "texture": "#4"},
				"west": {"uv": [10, 2, 11, 3], "texture": "#4"},
				"up": {"uv": [10, 2, 11, 3], "texture": "#4"},
				"down": {"uv": [10, 2, 11, 3], "texture": "#4"}
			}
		},
		{
			"from": [11, 21, 7.5],
			"to": [12, 22, 8.5],
			"rotation": {"angle": 0, "axis": "y", "origin": [23, 15.5, 15]},
			"faces": {
				"north": {"uv": [10, 2, 11, 3], "texture": "#4"},
				"east": {"uv": [10, 2, 11, 3], "texture": "#4"},
				"south": {"uv": [10, 2, 11, 3], "texture": "#4"},
				"west": {"uv": [10, 2, 11, 3], "texture": "#4"},
				"up": {"uv": [10, 2, 11, 3], "texture": "#4"},
				"down": {"uv": [10, 2, 11, 3], "texture": "#4"}
			}
		},
		{
			"from": [16, 16, 7.5],
			"to": [17, 17, 8.5],
			"rotation": {"angle": 0, "axis": "y", "origin": [23, 15.5, 15]},
			"faces": {
				"north": {"uv": [10, 2, 11, 3], "texture": "#4"},
				"east": {"uv": [10, 2, 11, 3], "texture": "#4"},
				"south": {"uv": [10, 2, 11, 3], "texture": "#4"},
				"west": {"uv": [10, 2, 11, 3], "texture": "#4"},
				"up": {"uv": [10, 2, 11, 3], "texture": "#4"},
				"down": {"uv": [10, 2, 11, 3], "texture": "#4"}
			}
		},
		{
			"from": [19, 19, 7.5],
			"to": [20, 20, 8.5],
			"rotation": {"angle": 0, "axis": "y", "origin": [23, 15.5, 15]},
			"faces": {
				"north": {"uv": [10, 2, 11, 3], "texture": "#4"},
				"east": {"uv": [10, 2, 11, 3], "texture": "#4"},
				"south": {"uv": [10, 2, 11, 3], "texture": "#4"},
				"west": {"uv": [10, 2, 11, 3], "texture": "#4"},
				"up": {"uv": [10, 2, 11, 3], "texture": "#4"},
				"down": {"uv": [10, 2, 11, 3], "texture": "#4"}
			}
		},
		{
			"from": [17, 16, 7.5],
			"to": [18, 17, 8.5],
			"rotation": {"angle": 0, "axis": "y", "origin": [23, 15.5, 15]},
			"faces": {
				"north": {"uv": [10, 2, 11, 3], "texture": "#4"},
				"east": {"uv": [10, 2, 11, 3], "texture": "#4"},
				"south": {"uv": [10, 2, 11, 3], "texture": "#4"},
				"west": {"uv": [10, 2, 11, 3], "texture": "#4"},
				"up": {"uv": [10, 2, 11, 3], "texture": "#4"},
				"down": {"uv": [10, 2, 11, 3], "texture": "#4"}
			}
		},
		{
			"from": [18, 16, 7.5],
			"to": [19, 17, 8.5],
			"rotation": {"angle": 0, "axis": "y", "origin": [23, 15.5, 15]},
			"faces": {
				"north": {"uv": [10, 2, 11, 3], "texture": "#4"},
				"east": {"uv": [10, 2, 11, 3], "texture": "#4"},
				"south": {"uv": [10, 2, 11, 3], "texture": "#4"},
				"west": {"uv": [10, 2, 11, 3], "texture": "#4"},
				"up": {"uv": [10, 2, 11, 3], "texture": "#4"},
				"down": {"uv": [10, 2, 11, 3], "texture": "#4"}
			}
		},
		{
			"from": [19, 17, 7.5],
			"to": [20, 18, 8.5],
			"rotation": {"angle": 0, "axis": "y", "origin": [23, 15.5, 15]},
			"faces": {
				"north": {"uv": [10, 2, 11, 3], "texture": "#4"},
				"east": {"uv": [10, 2, 11, 3], "texture": "#4"},
				"south": {"uv": [10, 2, 11, 3], "texture": "#4"},
				"west": {"uv": [10, 2, 11, 3], "texture": "#4"},
				"up": {"uv": [10, 2, 11, 3], "texture": "#4"},
				"down": {"uv": [10, 2, 11, 3], "texture": "#4"}
			}
		},
		{
			"from": [19, 18, 7.5],
			"to": [20, 19, 8.5],
			"rotation": {"angle": 0, "axis": "y", "origin": [23, 15.5, 15]},
			"faces": {
				"north": {"uv": [10, 2, 11, 3], "texture": "#4"},
				"east": {"uv": [10, 2, 11, 3], "texture": "#4"},
				"south": {"uv": [10, 2, 11, 3], "texture": "#4"},
				"west": {"uv": [10, 2, 11, 3], "texture": "#4"},
				"up": {"uv": [10, 2, 11, 3], "texture": "#4"},
				"down": {"uv": [10, 2, 11, 3], "texture": "#4"}
			}
		},
		{
			"from": [16, 21, 7.5],
			"to": [17, 22, 8.5],
			"rotation": {"angle": 0, "axis": "y", "origin": [23, 15.5, 15]},
			"faces": {
				"north": {"uv": [4, 10, 5, 11], "texture": "#4"},
				"east": {"uv": [4, 10, 5, 11], "texture": "#4"},
				"south": {"uv": [4, 10, 5, 11], "texture": "#4"},
				"west": {"uv": [4, 10, 5, 11], "texture": "#4"},
				"up": {"uv": [4, 10, 5, 11], "texture": "#4"},
				"down": {"uv": [4, 10, 5, 11], "texture": "#4"}
			}
		},
		{
			"from": [15, 21, 7.5],
			"to": [16, 22, 8.5],
			"rotation": {"angle": 0, "axis": "y", "origin": [23, 15.5, 15]},
			"faces": {
				"north": {"uv": [4, 10, 5, 11], "texture": "#4"},
				"east": {"uv": [4, 10, 5, 11], "texture": "#4"},
				"south": {"uv": [4, 10, 5, 11], "texture": "#4"},
				"west": {"uv": [4, 10, 5, 11], "texture": "#4"},
				"up": {"uv": [4, 10, 5, 11], "texture": "#4"},
				"down": {"uv": [4, 10, 5, 11], "texture": "#4"}
			}
		},
		{
			"from": [17, 21, 7.5],
			"to": [18, 22, 8.5],
			"rotation": {"angle": 0, "axis": "y", "origin": [23, 15.5, 15]},
			"faces": {
				"north": {"uv": [8, 6, 9, 7], "texture": "#4"},
				"east": {"uv": [8, 6, 9, 7], "texture": "#4"},
				"south": {"uv": [8, 6, 9, 7], "texture": "#4"},
				"west": {"uv": [8, 6, 9, 7], "texture": "#4"},
				"up": {"uv": [8, 6, 9, 7], "texture": "#4"},
				"down": {"uv": [8, 6, 9, 7], "texture": "#4"}
			}
		},
		{
			"from": [17, 22, 7.5],
			"to": [18, 23, 8.5],
			"rotation": {"angle": 0, "axis": "y", "origin": [23, 15.5, 15]},
			"faces": {
				"north": {"uv": [8, 6, 9, 7], "texture": "#4"},
				"east": {"uv": [8, 6, 9, 7], "texture": "#4"},
				"south": {"uv": [8, 6, 9, 7], "texture": "#4"},
				"west": {"uv": [8, 6, 9, 7], "texture": "#4"},
				"up": {"uv": [8, 6, 9, 7], "texture": "#4"},
				"down": {"uv": [8, 6, 9, 7], "texture": "#4"}
			}
		},
		{
			"from": [16, 22, 7.5],
			"to": [17, 23, 8.5],
			"rotation": {"angle": 0, "axis": "y", "origin": [23, 15.5, 15]},
			"faces": {
				"north": {"uv": [8, 6, 9, 7], "texture": "#4"},
				"east": {"uv": [8, 6, 9, 7], "texture": "#4"},
				"south": {"uv": [8, 6, 9, 7], "texture": "#4"},
				"west": {"uv": [8, 6, 9, 7], "texture": "#4"},
				"up": {"uv": [8, 6, 9, 7], "texture": "#4"},
				"down": {"uv": [8, 6, 9, 7], "texture": "#4"}
			}
		},
		{
			"from": [15, 22, 7.5],
			"to": [16, 23, 8.5],
			"rotation": {"angle": 0, "axis": "y", "origin": [23, 15.5, 15]},
			"faces": {
				"north": {"uv": [8, 6, 9, 7], "texture": "#4"},
				"east": {"uv": [8, 6, 9, 7], "texture": "#4"},
				"south": {"uv": [8, 6, 9, 7], "texture": "#4"},
				"west": {"uv": [8, 6, 9, 7], "texture": "#4"},
				"up": {"uv": [8, 6, 9, 7], "texture": "#4"},
				"down": {"uv": [8, 6, 9, 7], "texture": "#4"}
			}
		},
		{
			"from": [14, 23, 7.5],
			"to": [15, 24, 8.5],
			"rotation": {"angle": 0, "axis": "y", "origin": [23, 15.5, 15]},
			"faces": {
				"north": {"uv": [10, 2, 11, 3], "texture": "#4"},
				"east": {"uv": [10, 2, 11, 3], "texture": "#4"},
				"south": {"uv": [10, 2, 11, 3], "texture": "#4"},
				"west": {"uv": [10, 2, 11, 3], "texture": "#4"},
				"up": {"uv": [10, 2, 11, 3], "texture": "#4"},
				"down": {"uv": [10, 2, 11, 3], "texture": "#4"}
			}
		},
		{
			"from": [14, 24, 7.5],
			"to": [15, 25, 8.5],
			"rotation": {"angle": 0, "axis": "y", "origin": [23, 15.5, 15]},
			"faces": {
				"north": {"uv": [10, 2, 11, 3], "texture": "#4"},
				"east": {"uv": [10, 2, 11, 3], "texture": "#4"},
				"south": {"uv": [10, 2, 11, 3], "texture": "#4"},
				"west": {"uv": [10, 2, 11, 3], "texture": "#4"},
				"up": {"uv": [10, 2, 11, 3], "texture": "#4"},
				"down": {"uv": [10, 2, 11, 3], "texture": "#4"}
			}
		},
		{
			"from": [12, 24, 7.5],
			"to": [13, 25, 8.5],
			"rotation": {"angle": 0, "axis": "y", "origin": [23, 15.5, 15]},
			"faces": {
				"north": {"uv": [10, 2, 11, 3], "texture": "#4"},
				"east": {"uv": [10, 2, 11, 3], "texture": "#4"},
				"south": {"uv": [10, 2, 11, 3], "texture": "#4"},
				"west": {"uv": [10, 2, 11, 3], "texture": "#4"},
				"up": {"uv": [10, 2, 11, 3], "texture": "#4"},
				"down": {"uv": [10, 2, 11, 3], "texture": "#4"}
			}
		},
		{
			"from": [11, 23, 7.5],
			"to": [12, 24, 8.5],
			"rotation": {"angle": 0, "axis": "y", "origin": [23, 15.5, 15]},
			"faces": {
				"north": {"uv": [10, 2, 11, 3], "texture": "#4"},
				"east": {"uv": [10, 2, 11, 3], "texture": "#4"},
				"south": {"uv": [10, 2, 11, 3], "texture": "#4"},
				"west": {"uv": [10, 2, 11, 3], "texture": "#4"},
				"up": {"uv": [10, 2, 11, 3], "texture": "#4"},
				"down": {"uv": [10, 2, 11, 3], "texture": "#4"}
			}
		},
		{
			"from": [11, 22, 7.5],
			"to": [12, 23, 8.5],
			"rotation": {"angle": 0, "axis": "y", "origin": [23, 15.5, 15]},
			"faces": {
				"north": {"uv": [10, 2, 11, 3], "texture": "#4"},
				"east": {"uv": [10, 2, 11, 3], "texture": "#4"},
				"south": {"uv": [10, 2, 11, 3], "texture": "#4"},
				"west": {"uv": [10, 2, 11, 3], "texture": "#4"},
				"up": {"uv": [10, 2, 11, 3], "texture": "#4"},
				"down": {"uv": [10, 2, 11, 3], "texture": "#4"}
			}
		},
		{
			"from": [13, 24, 7.5],
			"to": [14, 25, 8.5],
			"rotation": {"angle": 0, "axis": "y", "origin": [23, 15.5, 15]},
			"faces": {
				"north": {"uv": [10, 2, 11, 3], "texture": "#4"},
				"east": {"uv": [10, 2, 11, 3], "texture": "#4"},
				"south": {"uv": [10, 2, 11, 3], "texture": "#4"},
				"west": {"uv": [10, 2, 11, 3], "texture": "#4"},
				"up": {"uv": [10, 2, 11, 3], "texture": "#4"},
				"down": {"uv": [10, 2, 11, 3], "texture": "#4"}
			}
		},
		{
			"from": [18, 22, 7.5],
			"to": [19, 23, 8.5],
			"rotation": {"angle": 0, "axis": "y", "origin": [23, 15.5, 15]},
			"faces": {
				"north": {"uv": [8, 6, 9, 7], "texture": "#4"},
				"east": {"uv": [8, 6, 9, 7], "texture": "#4"},
				"south": {"uv": [8, 6, 9, 7], "texture": "#4"},
				"west": {"uv": [8, 6, 9, 7], "texture": "#4"},
				"up": {"uv": [8, 6, 9, 7], "texture": "#4"},
				"down": {"uv": [8, 6, 9, 7], "texture": "#4"}
			}
		},
		{
			"from": [18, 23, 7.5],
			"to": [19, 24, 8.5],
			"rotation": {"angle": 0, "axis": "y", "origin": [23, 15.5, 15]},
			"faces": {
				"north": {"uv": [8, 6, 9, 7], "texture": "#4"},
				"east": {"uv": [8, 6, 9, 7], "texture": "#4"},
				"south": {"uv": [8, 6, 9, 7], "texture": "#4"},
				"west": {"uv": [8, 6, 9, 7], "texture": "#4"},
				"up": {"uv": [8, 6, 9, 7], "texture": "#4"},
				"down": {"uv": [8, 6, 9, 7], "texture": "#4"}
			}
		},
		{
			"from": [17, 23, 7.5],
			"to": [18, 24, 8.5],
			"rotation": {"angle": 0, "axis": "y", "origin": [23, 15.5, 15]},
			"faces": {
				"north": {"uv": [8, 6, 9, 7], "texture": "#4"},
				"east": {"uv": [8, 6, 9, 7], "texture": "#4"},
				"south": {"uv": [8, 6, 9, 7], "texture": "#4"},
				"west": {"uv": [8, 6, 9, 7], "texture": "#4"},
				"up": {"uv": [8, 6, 9, 7], "texture": "#4"},
				"down": {"uv": [8, 6, 9, 7], "texture": "#4"}
			}
		},
		{
			"from": [19, 22, 7.5],
			"to": [20, 23, 8.5],
			"rotation": {"angle": 0, "axis": "y", "origin": [23, 15.5, 15]},
			"faces": {
				"north": {"uv": [13, 2, 14, 3], "texture": "#4"},
				"east": {"uv": [13, 2, 14, 3], "texture": "#4"},
				"south": {"uv": [13, 2, 14, 3], "texture": "#4"},
				"west": {"uv": [13, 2, 14, 3], "texture": "#4"},
				"up": {"uv": [13, 2, 14, 3], "texture": "#4"},
				"down": {"uv": [13, 2, 14, 3], "texture": "#4"}
			}
		},
		{
			"from": [20, 21, 7.5],
			"to": [21, 22, 8.5],
			"rotation": {"angle": 0, "axis": "y", "origin": [23, 15.5, 15]},
			"faces": {
				"north": {"uv": [13, 2, 14, 3], "texture": "#4"},
				"east": {"uv": [10, 1, 11, 2], "texture": "#4"},
				"south": {"uv": [10, 1, 11, 2], "texture": "#4"},
				"west": {"uv": [10, 1, 11, 2], "texture": "#4"},
				"up": {"uv": [10, 1, 11, 2], "texture": "#4"},
				"down": {"uv": [10, 1, 11, 2], "texture": "#4"}
			}
		},
		{
			"from": [21, 21, 7.5],
			"to": [22, 22, 8.5],
			"rotation": {"angle": 0, "axis": "y", "origin": [23, 15.5, 15]},
			"faces": {
				"north": {"uv": [13, 2, 14, 3], "texture": "#4"},
				"east": {"uv": [10, 1, 11, 2], "texture": "#4"},
				"south": {"uv": [10, 1, 11, 2], "texture": "#4"},
				"west": {"uv": [10, 1, 11, 2], "texture": "#4"},
				"up": {"uv": [10, 1, 11, 2], "texture": "#4"},
				"down": {"uv": [10, 1, 11, 2], "texture": "#4"}
			}
		},
		{
			"from": [22, 22, 7.5],
			"to": [23, 23, 8.5],
			"rotation": {"angle": 0, "axis": "y", "origin": [23, 15.5, 15]},
			"faces": {
				"north": {"uv": [13, 2, 14, 3], "texture": "#4"},
				"east": {"uv": [10, 1, 11, 2], "texture": "#4"},
				"south": {"uv": [10, 1, 11, 2], "texture": "#4"},
				"west": {"uv": [10, 1, 11, 2], "texture": "#4"},
				"up": {"uv": [10, 1, 11, 2], "texture": "#4"},
				"down": {"uv": [10, 1, 11, 2], "texture": "#4"}
			}
		},
		{
			"from": [23, 23, 7.5],
			"to": [24, 24, 8.5],
			"rotation": {"angle": 0, "axis": "y", "origin": [23, 15.5, 15]},
			"faces": {
				"north": {"uv": [13, 2, 14, 3], "texture": "#4"},
				"east": {"uv": [10, 1, 11, 2], "texture": "#4"},
				"south": {"uv": [10, 1, 11, 2], "texture": "#4"},
				"west": {"uv": [10, 1, 11, 2], "texture": "#4"},
				"up": {"uv": [10, 1, 11, 2], "texture": "#4"},
				"down": {"uv": [10, 1, 11, 2], "texture": "#4"}
			}
		},
		{
			"from": [24, 23, 7.5],
			"to": [25, 24, 8.5],
			"rotation": {"angle": 0, "axis": "y", "origin": [23, 15.5, 15]},
			"faces": {
				"north": {"uv": [13, 2, 14, 3], "texture": "#4"},
				"east": {"uv": [10, 1, 11, 2], "texture": "#4"},
				"south": {"uv": [10, 1, 11, 2], "texture": "#4"},
				"west": {"uv": [10, 1, 11, 2], "texture": "#4"},
				"up": {"uv": [10, 1, 11, 2], "texture": "#4"},
				"down": {"uv": [10, 1, 11, 2], "texture": "#4"}
			}
		},
		{
			"from": [24, 24, 7.5],
			"to": [25, 25, 8.5],
			"rotation": {"angle": 0, "axis": "y", "origin": [23, 15.5, 15]},
			"faces": {
				"north": {"uv": [13, 2, 14, 3], "texture": "#4"},
				"east": {"uv": [10, 1, 11, 2], "texture": "#4"},
				"south": {"uv": [10, 1, 11, 2], "texture": "#4"},
				"west": {"uv": [10, 1, 11, 2], "texture": "#4"},
				"up": {"uv": [10, 1, 11, 2], "texture": "#4"},
				"down": {"uv": [10, 1, 11, 2], "texture": "#4"}
			}
		},
		{
			"from": [24, 25, 7.5],
			"to": [25, 26, 8.5],
			"rotation": {"angle": 0, "axis": "y", "origin": [23, 15.5, 15]},
			"faces": {
				"north": {"uv": [13, 2, 14, 3], "texture": "#4"},
				"east": {"uv": [10, 1, 11, 2], "texture": "#4"},
				"south": {"uv": [10, 1, 11, 2], "texture": "#4"},
				"west": {"uv": [10, 1, 11, 2], "texture": "#4"},
				"up": {"uv": [10, 1, 11, 2], "texture": "#4"},
				"down": {"uv": [10, 1, 11, 2], "texture": "#4"}
			}
		},
		{
			"from": [17, 24, 7.5],
			"to": [18, 25, 8.5],
			"rotation": {"angle": 0, "axis": "y", "origin": [23, 15.5, 15]},
			"faces": {
				"north": {"uv": [13, 2, 14, 3], "texture": "#4"},
				"east": {"uv": [13, 2, 14, 3], "texture": "#4"},
				"south": {"uv": [13, 2, 14, 3], "texture": "#4"},
				"west": {"uv": [13, 2, 14, 3], "texture": "#4"},
				"up": {"uv": [13, 2, 14, 3], "texture": "#4"},
				"down": {"uv": [13, 2, 14, 3], "texture": "#4"}
			}
		},
		{
			"from": [16, 25, 7.5],
			"to": [17, 26, 8.5],
			"rotation": {"angle": 0, "axis": "y", "origin": [23, 15.5, 15]},
			"faces": {
				"north": {"uv": [13, 2, 14, 3], "texture": "#4"},
				"east": {"uv": [10, 1, 11, 2], "texture": "#4"},
				"south": {"uv": [10, 1, 11, 2], "texture": "#4"},
				"west": {"uv": [10, 1, 11, 2], "texture": "#4"},
				"up": {"uv": [10, 1, 11, 2], "texture": "#4"},
				"down": {"uv": [10, 1, 11, 2], "texture": "#4"}
			}
		},
		{
			"from": [16, 24, 7.5],
			"to": [17, 25, 8.5],
			"rotation": {"angle": 0, "axis": "y", "origin": [23, 15.5, 15]},
			"faces": {
				"north": {"uv": [13, 2, 14, 3], "texture": "#4"},
				"east": {"uv": [10, 1, 11, 2], "texture": "#4"},
				"south": {"uv": [10, 1, 11, 2], "texture": "#4"},
				"west": {"uv": [10, 1, 11, 2], "texture": "#4"},
				"up": {"uv": [10, 1, 11, 2], "texture": "#4"},
				"down": {"uv": [10, 1, 11, 2], "texture": "#4"}
			}
		},
		{
			"from": [19, 21, 7.5],
			"to": [20, 22, 8.5],
			"rotation": {"angle": 0, "axis": "y", "origin": [23, 15.5, 15]},
			"faces": {
				"north": {"uv": [13, 2, 14, 3], "texture": "#4"},
				"east": {"uv": [10, 1, 11, 2], "texture": "#4"},
				"south": {"uv": [10, 1, 11, 2], "texture": "#4"},
				"west": {"uv": [10, 1, 11, 2], "texture": "#4"},
				"up": {"uv": [10, 1, 11, 2], "texture": "#4"},
				"down": {"uv": [10, 1, 11, 2], "texture": "#4"}
			}
		},
		{
			"from": [16, 26, 7.5],
			"to": [17, 27, 8.5],
			"rotation": {"angle": 0, "axis": "y", "origin": [23, 15.5, 15]},
			"faces": {
				"north": {"uv": [13, 2, 14, 3], "texture": "#4"},
				"east": {"uv": [10, 1, 11, 2], "texture": "#4"},
				"south": {"uv": [10, 1, 11, 2], "texture": "#4"},
				"west": {"uv": [10, 1, 11, 2], "texture": "#4"},
				"up": {"uv": [10, 1, 11, 2], "texture": "#4"},
				"down": {"uv": [10, 1, 11, 2], "texture": "#4"}
			}
		},
		{
			"from": [17, 27, 7.5],
			"to": [18, 28, 8.5],
			"rotation": {"angle": 0, "axis": "y", "origin": [23, 15.5, 15]},
			"faces": {
				"north": {"uv": [13, 2, 14, 3], "texture": "#4"},
				"east": {"uv": [10, 1, 11, 2], "texture": "#4"},
				"south": {"uv": [10, 1, 11, 2], "texture": "#4"},
				"west": {"uv": [10, 1, 11, 2], "texture": "#4"},
				"up": {"uv": [10, 1, 11, 2], "texture": "#4"},
				"down": {"uv": [10, 1, 11, 2], "texture": "#4"}
			}
		},
		{
			"from": [18, 28, 7.5],
			"to": [19, 29, 8.5],
			"rotation": {"angle": 0, "axis": "y", "origin": [23, 15.5, 15]},
			"faces": {
				"north": {"uv": [13, 2, 14, 3], "texture": "#4"},
				"east": {"uv": [10, 1, 11, 2], "texture": "#4"},
				"south": {"uv": [10, 1, 11, 2], "texture": "#4"},
				"west": {"uv": [10, 1, 11, 2], "texture": "#4"},
				"up": {"uv": [10, 1, 11, 2], "texture": "#4"},
				"down": {"uv": [10, 1, 11, 2], "texture": "#4"}
			}
		},
		{
			"from": [18, 29, 7.5],
			"to": [19, 30, 8.5],
			"rotation": {"angle": 0, "axis": "y", "origin": [23, 15.5, 15]},
			"faces": {
				"north": {"uv": [13, 2, 14, 3], "texture": "#4"},
				"east": {"uv": [10, 1, 11, 2], "texture": "#4"},
				"south": {"uv": [10, 1, 11, 2], "texture": "#4"},
				"west": {"uv": [10, 1, 11, 2], "texture": "#4"},
				"up": {"uv": [10, 1, 11, 2], "texture": "#4"},
				"down": {"uv": [10, 1, 11, 2], "texture": "#4"}
			}
		},
		{
			"from": [19, 29, 7.5],
			"to": [20, 30, 8.5],
			"rotation": {"angle": 0, "axis": "y", "origin": [23, 15.5, 15]},
			"faces": {
				"north": {"uv": [13, 2, 14, 3], "texture": "#4"},
				"east": {"uv": [10, 1, 11, 2], "texture": "#4"},
				"south": {"uv": [10, 1, 11, 2], "texture": "#4"},
				"west": {"uv": [10, 1, 11, 2], "texture": "#4"},
				"up": {"uv": [10, 1, 11, 2], "texture": "#4"},
				"down": {"uv": [10, 1, 11, 2], "texture": "#4"}
			}
		},
		{
			"from": [20, 29, 7.5],
			"to": [21, 30, 8.5],
			"rotation": {"angle": 0, "axis": "y", "origin": [23, 15.5, 15]},
			"faces": {
				"north": {"uv": [13, 2, 14, 3], "texture": "#4"},
				"east": {"uv": [10, 1, 11, 2], "texture": "#4"},
				"south": {"uv": [10, 1, 11, 2], "texture": "#4"},
				"west": {"uv": [10, 1, 11, 2], "texture": "#4"},
				"up": {"uv": [10, 1, 11, 2], "texture": "#4"},
				"down": {"uv": [10, 1, 11, 2], "texture": "#4"}
			}
		},
		{
			"from": [21, 29, 7.5],
			"to": [22, 30, 8.5],
			"rotation": {"angle": 0, "axis": "y", "origin": [23, 15.5, 15]},
			"faces": {
				"north": {"uv": [13, 2, 14, 3], "texture": "#4"},
				"east": {"uv": [10, 1, 11, 2], "texture": "#4"},
				"south": {"uv": [10, 1, 11, 2], "texture": "#4"},
				"west": {"uv": [10, 1, 11, 2], "texture": "#4"},
				"up": {"uv": [10, 1, 11, 2], "texture": "#4"},
				"down": {"uv": [10, 1, 11, 2], "texture": "#4"}
			}
		},
		{
			"from": [24, 26, 7.5],
			"to": [25, 27, 8.5],
			"rotation": {"angle": 0, "axis": "y", "origin": [23, 15.5, 15]},
			"faces": {
				"north": {"uv": [13, 2, 14, 3], "texture": "#4"},
				"east": {"uv": [10, 1, 11, 2], "texture": "#4"},
				"south": {"uv": [10, 1, 11, 2], "texture": "#4"},
				"west": {"uv": [10, 1, 11, 2], "texture": "#4"},
				"up": {"uv": [10, 1, 11, 2], "texture": "#4"},
				"down": {"uv": [10, 1, 11, 2], "texture": "#4"}
			}
		},
		{
			"from": [-2.4, 2.6, 7],
			"to": [-0.4, 4.6, 9],
			"rotation": {"angle": 0, "axis": "y", "origin": [15.5, 3, 14.3]},
			"faces": {
				"north": {"uv": [0, 0, 16, 16], "texture": "#0"},
				"east": {"uv": [0, 0, 16, 16], "texture": "#0"},
				"south": {"uv": [0, 0, 16, 16], "texture": "#0"},
				"west": {"uv": [0, 0, 16, 16], "texture": "#0"},
				"up": {"uv": [0, 0, 16, 16], "texture": "#0"},
				"down": {"uv": [0, 0, 16, 16], "texture": "#0"}
			}
		}
	],
	"display": {
		"thirdperson_righthand": {
			"rotation": [45, 90, 0],
			"translation": [0, -7.75, -1.25],
			"scale": [1, 1, -1]
		},
		"thirdperson_lefthand": {
			"rotation": [-45, 90, 0],
			"translation": [0, -7.75, 5.75],
			"scale": [1, 1, -1]
		},
		"firstperson_righthand": {
			"rotation": [-17, -90, 38],
			"translation": [3, -7.25, 5.25]
		},
		"firstperson_lefthand": {
			"rotation": [76, -90, 38],
			"translation": [-2.5, -10, -0.25]
		},
		"ground": {
			"translation": [0, 4.5, 0]
		},
		"gui": {
			"translation": [-1, -3.25, 0],
			"scale": [0.5, 0.5, 1]
		},
		"fixed": {
			"translation": [1.25, -4.5, 0],
			"scale": [-0.65, 0.65, 1]
		}
	}
}