{
	"credit": "Made with Blockbench",
	"textures": {
		"lava_still": "block/lava_still",
		"light_blue_stained_glass": "block/light_blue_stained_glass",
		"water_flow": "block/water_flow",
		"particle": "block/sea_lantern",
		"sea_lantern": "block/sea_lantern",
		"diamond_block": "block/diamond_block"
	},
	"elements": [
		{
			"name": "Element",
			"from": [8, 0, 0],
			"to": [9, 1, 1],
			"faces": {
				"north": {"uv": [0, 0, 1, 1], "texture": "#sea_lantern"},
				"east": {"uv": [0, 0, 1, 1], "texture": "#sea_lantern"},
				"west": {"uv": [0, 0, 1, 1], "texture": "#sea_lantern"},
				"down": {"uv": [0, 0, 1, 1], "texture": "#sea_lantern"}
			}
		},
		{
			"name": "Element",
			"from": [8, 1, 0],
			"to": [9, 2, 1],
			"faces": {
				"north": {"uv": [0, 0, 1, 1], "texture": "#sea_lantern"},
				"east": {"uv": [0, 0, 1, 1], "texture": "#sea_lantern"},
				"west": {"uv": [0, 0, 1, 1], "texture": "#sea_lantern"}
			}
		},
		{
			"name": "Element",
			"from": [8, 1, 2],
			"to": [9, 2, 3],
			"faces": {
				"east": {"uv": [0, 0, 1, 1], "texture": "#sea_lantern"},
				"south": {"uv": [0, 0, 1, 1], "texture": "#sea_lantern"},
				"west": {"uv": [0, 0, 1, 1], "texture": "#sea_lantern"}
			}
		},
		{
			"name": "Element",
			"from": [8, 2, 3],
			"to": [9, 3, 4],
			"faces": {
				"east": {"uv": [0, 0, 1, 1], "texture": "#sea_lantern"},
				"south": {"uv": [0, 0, 1, 1], "texture": "#sea_lantern"},
				"west": {"uv": [0, 0, 1, 1], "texture": "#sea_lantern"},
				"down": {"uv": [0, 0, 1, 1], "texture": "#sea_lantern"}
			}
		},
		{
			"name": "Element",
			"from": [8, 3, 4],
			"to": [9, 4, 5],
			"faces": {
				"east": {"uv": [0, 0, 1, 1], "texture": "#sea_lantern"},
				"south": {"uv": [0, 0, 1, 1], "texture": "#sea_lantern"},
				"west": {"uv": [0, 0, 1, 1], "texture": "#sea_lantern"},
				"down": {"uv": [0, 0, 1, 1], "texture": "#sea_lantern"}
			}
		},
		{
			"name": "Element",
			"from": [8, 4, 5],
			"to": [9, 5, 6],
			"faces": {
				"east": {"uv": [0, 0, 1, 1], "texture": "#sea_lantern"},
				"west": {"uv": [0, 0, 1, 1], "texture": "#sea_lantern"},
				"down": {"uv": [0, 0, 1, 1], "texture": "#sea_lantern"}
			}
		},
		{
			"name": "Element",
			"from": [8, 4, 6],
			"to": [9, 5, 7],
			"faces": {
				"east": {"uv": [0, 0, 1, 1], "texture": "#sea_lantern"},
				"west": {"uv": [0, 0, 1, 1], "texture": "#sea_lantern"},
				"down": {"uv": [0, 0, 1, 1], "texture": "#sea_lantern"}
			}
		},
		{
			"name": "Element",
			"from": [8, 4, 7],
			"to": [9, 5, 8],
			"faces": {
				"east": {"uv": [0, 0, 1, 1], "texture": "#sea_lantern"},
				"west": {"uv": [0, 0, 1, 1], "texture": "#sea_lantern"}
			}
		},
		{
			"name": "Element",
			"from": [8, 2, 7],
			"to": [9, 3, 8],
			"faces": {
				"north": {"uv": [0, 0, 1, 1], "texture": "#diamond_block"},
				"east": {"uv": [0, 0, 1, 1], "texture": "#diamond_block"},
				"west": {"uv": [0, 0, 1, 1], "texture": "#diamond_block"},
				"down": {"uv": [0, 0, 1, 1], "texture": "#diamond_block"}
			}
		},
		{
			"name": "Element",
			"from": [8, 2, 8],
			"to": [9, 3, 9],
			"faces": {
				"east": {"uv": [0, 0, 1, 1], "texture": "#lava_still"},
				"west": {"uv": [0, 0, 1, 1], "texture": "#lava_still"}
			}
		},
		{
			"name": "Element",
			"from": [8, 2, 9],
			"to": [9, 3, 10],
			"faces": {
				"east": {"uv": [0, 0, 1, 1], "texture": "#lava_still"},
				"west": {"uv": [0, 0, 1, 1], "texture": "#lava_still"}
			}
		},
		{
			"name": "Element",
			"from": [8, 2, 10],
			"to": [9, 3, 11],
			"faces": {
				"east": {"uv": [0, 0, 1, 1], "texture": "#diamond_block"},
				"south": {"uv": [0, 0, 1, 1], "texture": "#diamond_block"},
				"west": {"uv": [0, 0, 1, 1], "texture": "#diamond_block"},
				"down": {"uv": [0, 0, 1, 1], "texture": "#diamond_block"}
			}
		},
		{
			"name": "Element",
			"from": [8, 3, 8],
			"to": [9, 4, 9],
			"faces": {
				"east": {"uv": [0, 0, 1, 1], "texture": "#lava_still"},
				"west": {"uv": [0, 0, 1, 1], "texture": "#lava_still"}
			}
		},
		{
			"name": "Element",
			"from": [8, 3, 9],
			"to": [9, 4, 10],
			"faces": {
				"east": {"uv": [0, 0, 1, 1], "texture": "#diamond_block"},
				"west": {"uv": [0, 0, 1, 1], "texture": "#diamond_block"},
				"up": {"uv": [0, 0, 1, 1], "texture": "#diamond_block"}
			}
		},
		{
			"name": "Element",
			"from": [8, 3, 10],
			"to": [9, 4, 11],
			"faces": {
				"east": {"uv": [0, 0, 1, 1], "texture": "#diamond_block"},
				"west": {"uv": [0, 0, 1, 1], "texture": "#diamond_block"},
				"up": {"uv": [0, 0, 1, 1], "texture": "#diamond_block"}
			}
		},
		{
			"name": "Element",
			"from": [8, 3, 11],
			"to": [9, 4, 12],
			"faces": {
				"east": {"uv": [0, 0, 1, 1], "texture": "#diamond_block"},
				"south": {"uv": [0, 0, 1, 1], "texture": "#diamond_block"},
				"west": {"uv": [0, 0, 1, 1], "texture": "#diamond_block"},
				"down": {"uv": [0, 0, 1, 1], "texture": "#diamond_block"}
			}
		},
		{
			"name": "Element",
			"from": [8, 4, 11],
			"to": [9, 5, 12],
			"faces": {
				"north": {"uv": [0, 0, 1, 1], "texture": "#diamond_block"},
				"east": {"uv": [0, 0, 1, 1], "texture": "#diamond_block"},
				"south": {"uv": [0, 0, 1, 1], "texture": "#diamond_block"},
				"west": {"uv": [0, 0, 1, 1], "texture": "#diamond_block"},
				"up": {"uv": [0, 0, 1, 1], "texture": "#diamond_block"}
			}
		},
		{
			"name": "Element",
			"from": [8, 4, 8],
			"to": [9, 5, 9],
			"faces": {
				"east": {"uv": [0, 0, 1, 1], "texture": "#diamond_block"},
				"south": {"uv": [0, 0, 1, 1], "texture": "#diamond_block"},
				"west": {"uv": [0, 0, 1, 1], "texture": "#diamond_block"}
			}
		},
		{
			"name": "Element",
			"from": [8, 1, 8],
			"to": [9, 2, 9],
			"faces": {
				"north": {"uv": [0, 0, 1, 1], "texture": "#diamond_block"},
				"east": {"uv": [0, 0, 1, 1], "texture": "#diamond_block"},
				"west": {"uv": [0, 0, 1, 1], "texture": "#diamond_block"},
				"down": {"uv": [0, 0, 1, 1], "texture": "#diamond_block"}
			}
		},
		{
			"name": "Element",
			"from": [8, 1, 9],
			"to": [9, 2, 10],
			"faces": {
				"east": {"uv": [0, 0, 1, 1], "texture": "#diamond_block"},
				"south": {"uv": [0, 0, 1, 1], "texture": "#diamond_block"},
				"west": {"uv": [0, 0, 1, 1], "texture": "#diamond_block"},
				"down": {"uv": [0, 0, 1, 1], "texture": "#diamond_block"}
			}
		},
		{
			"name": "Element",
			"from": [8, 3, 7],
			"to": [9, 4, 8],
			"faces": {
				"north": {"uv": [0, 0, 1, 1], "texture": "#sea_lantern"},
				"east": {"uv": [0, 0, 1, 1], "texture": "#sea_lantern"},
				"west": {"uv": [0, 0, 1, 1], "texture": "#sea_lantern"}
			}
		},
		{
			"name": "Element",
			"from": [8, 2, 2],
			"to": [9, 3, 3],
			"faces": {
				"east": {"uv": [0, 0, 1, 1], "texture": "#light_blue_stained_glass"},
				"west": {"uv": [0, 0, 1, 1], "texture": "#light_blue_stained_glass"}
			}
		},
		{
			"name": "Element",
			"from": [8, 3, 3],
			"to": [9, 4, 4],
			"faces": {
				"east": {"uv": [0, 0, 1, 1], "texture": "#light_blue_stained_glass"},
				"west": {"uv": [0, 0, 1, 1], "texture": "#light_blue_stained_glass"}
			}
		},
		{
			"name": "Element",
			"from": [8, 4, 4],
			"to": [9, 5, 5],
			"faces": {
				"east": {"uv": [0, 0, 1, 1], "texture": "#light_blue_stained_glass"},
				"west": {"uv": [0, 0, 1, 1], "texture": "#light_blue_stained_glass"}
			}
		},
		{
			"name": "Element",
			"from": [8, 5, 5],
			"to": [9, 6, 6],
			"faces": {
				"east": {"uv": [0, 0, 1, 1], "texture": "#sea_lantern"},
				"west": {"uv": [0, 0, 1, 1], "texture": "#sea_lantern"}
			}
		},
		{
			"name": "Element",
			"from": [8, 7, 7],
			"to": [9, 8, 8],
			"faces": {
				"east": {"uv": [0, 0, 1, 1], "texture": "#lava_still"},
				"west": {"uv": [0, 0, 1, 1], "texture": "#lava_still"}
			}
		},
		{
			"name": "Element",
			"from": [8, 8, 8],
			"to": [9, 9, 9],
			"faces": {
				"east": {"uv": [0, 0, 1, 1], "texture": "#lava_still"},
				"west": {"uv": [0, 0, 1, 1], "texture": "#lava_still"}
			}
		},
		{
			"name": "Element",
			"from": [8, 6, 6],
			"to": [9, 7, 7],
			"faces": {
				"north": {"uv": [0, 0, 1, 1], "texture": "#lava_still"},
				"east": {"uv": [0, 0, 1, 1], "texture": "#lava_still"},
				"south": {"uv": [0, 0, 1, 1], "texture": "#lava_still"},
				"west": {"uv": [0, 0, 1, 1], "texture": "#lava_still"},
				"up": {"uv": [0, 0, 1, 1], "texture": "#lava_still"},
				"down": {"uv": [0, 0, 1, 1], "texture": "#lava_still"}
			}
		},
		{
			"name": "Element",
			"from": [8, 9, 9],
			"to": [9, 10, 10],
			"faces": {
				"east": {"uv": [0, 0, 1, 1], "texture": "#lava_still"},
				"west": {"uv": [0, 0, 1, 1], "texture": "#lava_still"}
			}
		},
		{
			"name": "Element",
			"from": [8, 10, 10],
			"to": [9, 11, 11],
			"faces": {
				"east": {"uv": [0, 0, 1, 1], "texture": "#lava_still"},
				"west": {"uv": [0, 0, 1, 1], "texture": "#lava_still"}
			}
		},
		{
			"name": "Element",
			"from": [8, 11, 11],
			"to": [9, 12, 12],
			"faces": {
				"east": {"uv": [0, 0, 1, 1], "texture": "#lava_still"},
				"west": {"uv": [0, 0, 1, 1], "texture": "#lava_still"}
			}
		},
		{
			"name": "Element",
			"from": [8, 12, 12],
			"to": [9, 13, 13],
			"faces": {
				"east": {"uv": [0, 0, 1, 1], "texture": "#lava_still"},
				"west": {"uv": [0, 0, 1, 1], "texture": "#lava_still"}
			}
		},
		{
			"name": "Element",
			"from": [8, 13, 13],
			"to": [9, 14, 14],
			"faces": {
				"east": {"uv": [0, 0, 1, 1], "texture": "#light_blue_stained_glass"},
				"west": {"uv": [0, 0, 1, 1], "texture": "#light_blue_stained_glass"}
			}
		},
		{
			"name": "Element",
			"from": [8, 14, 14],
			"to": [9, 15, 15],
			"faces": {
				"east": {"uv": [0, 0, 1, 1], "texture": "#diamond_block"},
				"south": {"uv": [0, 0, 1, 1], "texture": "#diamond_block"},
				"west": {"uv": [0, 0, 1, 1], "texture": "#diamond_block"},
				"up": {"uv": [0, 0, 1, 1], "texture": "#diamond_block"}
			}
		},
		{
			"name": "Element",
			"from": [8, 5, 6],
			"to": [9, 6, 7],
			"faces": {
				"east": {"uv": [0, 0, 1, 1], "texture": "#water_flow"},
				"west": {"uv": [0, 0, 1, 1], "texture": "#water_flow"}
			}
		},
		{
			"name": "Element",
			"from": [8, 7, 8],
			"to": [9, 8, 9],
			"faces": {
				"east": {"uv": [0, 0, 1, 1], "texture": "#light_blue_stained_glass"},
				"west": {"uv": [0, 0, 1, 1], "texture": "#light_blue_stained_glass"}
			}
		},
		{
			"name": "Element",
			"from": [8, 7, 9],
			"to": [9, 8, 10],
			"faces": {
				"east": {"uv": [0, 0, 1, 1], "texture": "#diamond_block"},
				"south": {"uv": [0, 0, 1, 1], "texture": "#diamond_block"},
				"west": {"uv": [0, 0, 1, 1], "texture": "#diamond_block"}
			}
		},
		{
			"name": "Element",
			"from": [8, 8, 10],
			"to": [9, 9, 11],
			"faces": {
				"east": {"uv": [0, 0, 1, 1], "texture": "#diamond_block"},
				"south": {"uv": [0, 0, 1, 1], "texture": "#diamond_block"},
				"west": {"uv": [0, 0, 1, 1], "texture": "#diamond_block"},
				"down": {"uv": [0, 0, 1, 1], "texture": "#diamond_block"}
			}
		},
		{
			"name": "Element",
			"from": [8, 9, 11],
			"to": [9, 10, 12],
			"faces": {
				"east": {"uv": [0, 0, 1, 1], "texture": "#diamond_block"},
				"south": {"uv": [0, 0, 1, 1], "texture": "#diamond_block"},
				"west": {"uv": [0, 0, 1, 1], "texture": "#diamond_block"},
				"down": {"uv": [0, 0, 1, 1], "texture": "#diamond_block"}
			}
		},
		{
			"name": "Element",
			"from": [8, 10, 12],
			"to": [9, 11, 13],
			"faces": {
				"east": {"uv": [0, 0, 1, 1], "texture": "#diamond_block"},
				"south": {"uv": [0, 0, 1, 1], "texture": "#diamond_block"},
				"west": {"uv": [0, 0, 1, 1], "texture": "#diamond_block"},
				"down": {"uv": [0, 0, 1, 1], "texture": "#diamond_block"}
			}
		},
		{
			"name": "Element",
			"from": [8, 11, 13],
			"to": [9, 12, 14],
			"faces": {
				"east": {"uv": [0, 0, 1, 1], "texture": "#diamond_block"},
				"south": {"uv": [0, 0, 1, 1], "texture": "#diamond_block"},
				"west": {"uv": [0, 0, 1, 1], "texture": "#diamond_block"},
				"down": {"uv": [0, 0, 1, 1], "texture": "#diamond_block"}
			}
		},
		{
			"name": "Element",
			"from": [8, 12, 14],
			"to": [9, 13, 15],
			"faces": {
				"east": {"uv": [0, 0, 1, 1], "texture": "#diamond_block"},
				"south": {"uv": [0, 0, 1, 1], "texture": "#diamond_block"},
				"west": {"uv": [0, 0, 1, 1], "texture": "#diamond_block"},
				"down": {"uv": [0, 0, 1, 1], "texture": "#diamond_block"}
			}
		},
		{
			"name": "Element",
			"from": [8, 8, 9],
			"to": [9, 9, 10],
			"faces": {
				"east": {"uv": [0, 0, 1, 1], "texture": "#light_blue_stained_glass"},
				"west": {"uv": [0, 0, 1, 1], "texture": "#light_blue_stained_glass"}
			}
		},
		{
			"name": "Element",
			"from": [8, 9, 10],
			"to": [9, 10, 11],
			"faces": {
				"east": {"uv": [0, 0, 1, 1], "texture": "#light_blue_stained_glass"},
				"west": {"uv": [0, 0, 1, 1], "texture": "#light_blue_stained_glass"}
			}
		},
		{
			"name": "Element",
			"from": [8, 10, 11],
			"to": [9, 11, 12],
			"faces": {
				"east": {"uv": [0, 0, 1, 1], "texture": "#light_blue_stained_glass"},
				"west": {"uv": [0, 0, 1, 1], "texture": "#light_blue_stained_glass"}
			}
		},
		{
			"name": "Element",
			"from": [8, 11, 12],
			"to": [9, 12, 13],
			"faces": {
				"east": {"uv": [0, 0, 1, 1], "texture": "#light_blue_stained_glass"},
				"west": {"uv": [0, 0, 1, 1], "texture": "#light_blue_stained_glass"}
			}
		},
		{
			"name": "Element",
			"from": [8, 12, 13],
			"to": [9, 13, 14],
			"faces": {
				"east": {"uv": [0, 0, 1, 1], "texture": "#light_blue_stained_glass"},
				"west": {"uv": [0, 0, 1, 1], "texture": "#light_blue_stained_glass"}
			}
		},
		{
			"name": "Element",
			"from": [8, 13, 14],
			"to": [9, 14, 15],
			"faces": {
				"east": {"uv": [0, 0, 1, 1], "texture": "#diamond_block"},
				"south": {"uv": [0, 0, 1, 1], "texture": "#diamond_block"},
				"west": {"uv": [0, 0, 1, 1], "texture": "#diamond_block"}
			}
		},
		{
			"name": "Element",
			"from": [8, 6, 7],
			"to": [9, 7, 8],
			"faces": {
				"east": {"uv": [0, 0, 1, 1], "texture": "#water_flow"},
				"west": {"uv": [0, 0, 1, 1], "texture": "#water_flow"}
			}
		},
		{
			"name": "Element",
			"from": [8, 5, 7],
			"to": [9, 6, 8],
			"faces": {
				"east": {"uv": [0, 0, 1, 1], "texture": "#water_flow"},
				"west": {"uv": [0, 0, 1, 1], "texture": "#water_flow"}
			}
		},
		{
			"name": "Element",
			"from": [8, 6, 8],
			"to": [9, 7, 9],
			"faces": {
				"east": {"uv": [0, 0, 1, 1], "texture": "#light_blue_stained_glass"},
				"west": {"uv": [0, 0, 1, 1], "texture": "#light_blue_stained_glass"}
			}
		},
		{
			"name": "Element",
			"from": [8, 6, 9],
			"to": [9, 7, 10],
			"faces": {
				"east": {"uv": [0, 0, 1, 1], "texture": "#diamond_block"},
				"south": {"uv": [0, 0, 1, 1], "texture": "#diamond_block"},
				"west": {"uv": [0, 0, 1, 1], "texture": "#diamond_block"}
			}
		},
		{
			"name": "Element",
			"from": [8, 5, 8],
			"to": [9, 6, 9],
			"faces": {
				"east": {"uv": [0, 0, 1, 1], "texture": "#light_blue_stained_glass"},
				"west": {"uv": [0, 0, 1, 1], "texture": "#light_blue_stained_glass"}
			}
		},
		{
			"name": "Element",
			"from": [8, 5, 9],
			"to": [9, 6, 10],
			"faces": {
				"east": {"uv": [0, 0, 1, 1], "texture": "#diamond_block"},
				"south": {"uv": [0, 0, 1, 1], "texture": "#diamond_block"},
				"west": {"uv": [0, 0, 1, 1], "texture": "#diamond_block"},
				"down": {"uv": [0, 0, 1, 1], "texture": "#diamond_block"}
			}
		},
		{
			"name": "Element",
			"from": [8, 6, 5],
			"to": [9, 7, 6],
			"faces": {
				"east": {"uv": [0, 0, 1, 1], "texture": "#water_flow"},
				"west": {"uv": [0, 0, 1, 1], "texture": "#water_flow"}
			}
		},
		{
			"name": "Element",
			"from": [8, 8, 7],
			"to": [9, 9, 8],
			"faces": {
				"east": {"uv": [0, 0, 1, 1], "texture": "#light_blue_stained_glass"},
				"west": {"uv": [0, 0, 1, 1], "texture": "#light_blue_stained_glass"}
			}
		},
		{
			"name": "Element",
			"from": [8, 10, 8],
			"to": [9, 11, 9],
			"faces": {
				"north": {"uv": [0, 0, 1, 1], "texture": "#diamond_block"},
				"east": {"uv": [0, 0, 1, 1], "texture": "#diamond_block"},
				"west": {"uv": [0, 0, 1, 1], "texture": "#diamond_block"},
				"up": {"uv": [0, 0, 1, 1], "texture": "#diamond_block"}
			}
		},
		{
			"name": "Element",
			"from": [8, 11, 9],
			"to": [9, 12, 10],
			"faces": {
				"north": {"uv": [0, 0, 1, 1], "texture": "#diamond_block"},
				"east": {"uv": [0, 0, 1, 1], "texture": "#diamond_block"},
				"west": {"uv": [0, 0, 1, 1], "texture": "#diamond_block"},
				"up": {"uv": [0, 0, 1, 1], "texture": "#diamond_block"}
			}
		},
		{
			"name": "Element",
			"from": [8, 12, 10],
			"to": [9, 13, 11],
			"faces": {
				"north": {"uv": [0, 0, 1, 1], "texture": "#diamond_block"},
				"east": {"uv": [0, 0, 1, 1], "texture": "#diamond_block"},
				"west": {"uv": [0, 0, 1, 1], "texture": "#diamond_block"},
				"up": {"uv": [0, 0, 1, 1], "texture": "#diamond_block"}
			}
		},
		{
			"name": "Element",
			"from": [8, 13, 11],
			"to": [9, 14, 12],
			"faces": {
				"north": {"uv": [0, 0, 1, 1], "texture": "#diamond_block"},
				"east": {"uv": [0, 0, 1, 1], "texture": "#diamond_block"},
				"west": {"uv": [0, 0, 1, 1], "texture": "#diamond_block"},
				"up": {"uv": [0, 0, 1, 1], "texture": "#diamond_block"}
			}
		},
		{
			"name": "Element",
			"from": [8, 14, 12],
			"to": [9, 15, 13],
			"faces": {
				"north": {"uv": [0, 0, 1, 1], "texture": "#diamond_block"},
				"east": {"uv": [0, 0, 1, 1], "texture": "#diamond_block"},
				"west": {"uv": [0, 0, 1, 1], "texture": "#diamond_block"},
				"up": {"uv": [0, 0, 1, 1], "texture": "#diamond_block"}
			}
		},
		{
			"name": "Element",
			"from": [8, 9, 8],
			"to": [9, 10, 9],
			"faces": {
				"east": {"uv": [0, 0, 1, 1], "texture": "#light_blue_stained_glass"},
				"west": {"uv": [0, 0, 1, 1], "texture": "#light_blue_stained_glass"}
			}
		},
		{
			"name": "Element",
			"from": [8, 10, 9],
			"to": [9, 11, 10],
			"faces": {
				"east": {"uv": [0, 0, 1, 1], "texture": "#light_blue_stained_glass"},
				"west": {"uv": [0, 0, 1, 1], "texture": "#light_blue_stained_glass"}
			}
		},
		{
			"name": "Element",
			"from": [8, 11, 10],
			"to": [9, 12, 11],
			"faces": {
				"east": {"uv": [0, 0, 1, 1], "texture": "#light_blue_stained_glass"},
				"west": {"uv": [0, 0, 1, 1], "texture": "#light_blue_stained_glass"}
			}
		},
		{
			"name": "Element",
			"from": [8, 12, 11],
			"to": [9, 13, 12],
			"faces": {
				"east": {"uv": [0, 0, 1, 1], "texture": "#light_blue_stained_glass"},
				"west": {"uv": [0, 0, 1, 1], "texture": "#light_blue_stained_glass"}
			}
		},
		{
			"name": "Element",
			"from": [8, 13, 12],
			"to": [9, 14, 13],
			"faces": {
				"east": {"uv": [0, 0, 1, 1], "texture": "#light_blue_stained_glass"},
				"west": {"uv": [0, 0, 1, 1], "texture": "#light_blue_stained_glass"}
			}
		},
		{
			"name": "Element",
			"from": [8, 14, 13],
			"to": [9, 15, 14],
			"faces": {
				"east": {"uv": [0, 0, 1, 1], "texture": "#diamond_block"},
				"west": {"uv": [0, 0, 1, 1], "texture": "#diamond_block"},
				"up": {"uv": [0, 0, 1, 1], "texture": "#diamond_block"}
			}
		},
		{
			"name": "Element",
			"from": [8, 7, 6],
			"to": [9, 8, 7],
			"faces": {
				"east": {"uv": [0, 0, 1, 1], "texture": "#water_flow"},
				"west": {"uv": [0, 0, 1, 1], "texture": "#water_flow"}
			}
		},
		{
			"name": "Element",
			"from": [8, 7, 5],
			"to": [9, 8, 6],
			"faces": {
				"east": {"uv": [0, 0, 1, 1], "texture": "#water_flow"},
				"west": {"uv": [0, 0, 1, 1], "texture": "#water_flow"}
			}
		},
		{
			"name": "Element",
			"from": [8, 8, 6],
			"to": [9, 9, 7],
			"faces": {
				"east": {"uv": [0, 0, 1, 1], "texture": "#light_blue_stained_glass"},
				"west": {"uv": [0, 0, 1, 1], "texture": "#light_blue_stained_glass"}
			}
		},
		{
			"name": "Element",
			"from": [8, 9, 6],
			"to": [9, 10, 7],
			"faces": {
				"east": {"uv": [0, 0, 1, 1], "texture": "#diamond_block"},
				"west": {"uv": [0, 0, 1, 1], "texture": "#diamond_block"},
				"up": {"uv": [0, 0, 1, 1], "texture": "#diamond_block"}
			}
		},
		{
			"name": "Element",
			"from": [8, 9, 7],
			"to": [9, 10, 8],
			"faces": {
				"east": {"uv": [0, 0, 1, 1], "texture": "#diamond_block"},
				"west": {"uv": [0, 0, 1, 1], "texture": "#diamond_block"},
				"up": {"uv": [0, 0, 1, 1], "texture": "#diamond_block"}
			}
		},
		{
			"name": "Element",
			"from": [8, 8, 5],
			"to": [9, 9, 6],
			"faces": {
				"east": {"uv": [0, 0, 1, 1], "texture": "#light_blue_stained_glass"},
				"west": {"uv": [0, 0, 1, 1], "texture": "#light_blue_stained_glass"}
			}
		},
		{
			"name": "Element",
			"from": [8, 9, 5],
			"to": [9, 10, 6],
			"faces": {
				"north": {"uv": [0, 0, 1, 1], "texture": "#diamond_block"},
				"east": {"uv": [0, 0, 1, 1], "texture": "#diamond_block"},
				"west": {"uv": [0, 0, 1, 1], "texture": "#diamond_block"},
				"up": {"uv": [0, 0, 1, 1], "texture": "#diamond_block"}
			}
		},
		{
			"name": "Element",
			"from": [8, 0, 2],
			"to": [9, 1, 3],
			"faces": {
				"east": {"uv": [0, 0, 1, 1], "texture": "#sea_lantern"},
				"south": {"uv": [0, 0, 1, 1], "texture": "#sea_lantern"},
				"west": {"uv": [0, 0, 1, 1], "texture": "#sea_lantern"},
				"down": {"uv": [0, 0, 1, 1], "texture": "#sea_lantern"}
			}
		},
		{
			"name": "Element",
			"from": [8, 2, 0],
			"to": [9, 3, 1],
			"faces": {
				"north": {"uv": [0, 0, 1, 1], "texture": "#sea_lantern"},
				"east": {"uv": [0, 0, 1, 1], "texture": "#sea_lantern"},
				"west": {"uv": [0, 0, 1, 1], "texture": "#sea_lantern"},
				"up": {"uv": [0, 0, 1, 1], "texture": "#sea_lantern"}
			}
		},
		{
			"name": "Element",
			"from": [8, 1, 1],
			"to": [9, 2, 2],
			"faces": {
				"east": {"uv": [0, 0, 1, 1], "texture": "#water_flow"},
				"west": {"uv": [0, 0, 1, 1], "texture": "#water_flow"}
			}
		},
		{
			"name": "Element",
			"from": [8, 2, 1],
			"to": [9, 3, 2],
			"faces": {
				"east": {"uv": [0, 0, 1, 1], "texture": "#sea_lantern"},
				"west": {"uv": [0, 0, 1, 1], "texture": "#sea_lantern"},
				"up": {"uv": [0, 0, 1, 1], "texture": "#sea_lantern"}
			}
		},
		{
			"name": "Element",
			"from": [8, 3, 2],
			"to": [9, 4, 3],
			"faces": {
				"north": {"uv": [0, 0, 1, 1], "texture": "#sea_lantern"},
				"east": {"uv": [0, 0, 1, 1], "texture": "#sea_lantern"},
				"west": {"uv": [0, 0, 1, 1], "texture": "#sea_lantern"},
				"up": {"uv": [0, 0, 1, 1], "texture": "#sea_lantern"}
			}
		},
		{
			"name": "Element",
			"from": [8, 4, 3],
			"to": [9, 5, 4],
			"faces": {
				"north": {"uv": [0, 0, 1, 1], "texture": "#sea_lantern"},
				"east": {"uv": [0, 0, 1, 1], "texture": "#sea_lantern"},
				"west": {"uv": [0, 0, 1, 1], "texture": "#sea_lantern"},
				"up": {"uv": [0, 0, 1, 1], "texture": "#sea_lantern"}
			}
		},
		{
			"name": "Element",
			"from": [8, 5, 4],
			"to": [9, 6, 5],
			"faces": {
				"north": {"uv": [0, 0, 1, 1], "texture": "#sea_lantern"},
				"east": {"uv": [0, 0, 1, 1], "texture": "#sea_lantern"},
				"west": {"uv": [0, 0, 1, 1], "texture": "#sea_lantern"}
			}
		},
		{
			"name": "Element",
			"from": [8, 6, 4],
			"to": [9, 7, 5],
			"faces": {
				"north": {"uv": [0, 0, 1, 1], "texture": "#sea_lantern"},
				"east": {"uv": [0, 0, 1, 1], "texture": "#sea_lantern"},
				"west": {"uv": [0, 0, 1, 1], "texture": "#sea_lantern"}
			}
		},
		{
			"name": "Element",
			"from": [8, 7, 3],
			"to": [9, 8, 4],
			"faces": {
				"east": {"uv": [0, 0, 1, 1], "texture": "#sea_lantern"},
				"west": {"uv": [0, 0, 1, 1], "texture": "#sea_lantern"},
				"down": {"uv": [0, 0, 1, 1], "texture": "#sea_lantern"}
			}
		},
		{
			"name": "Element",
			"from": [8, 8, 3],
			"to": [9, 9, 4],
			"faces": {
				"east": {"uv": [0, 0, 1, 1], "texture": "#lava_still"},
				"west": {"uv": [0, 0, 1, 1], "texture": "#lava_still"}
			}
		},
		{
			"name": "Element",
			"from": [8, 9, 3],
			"to": [9, 10, 4],
			"faces": {
				"east": {"uv": [0, 0, 1, 1], "texture": "#diamond_block"},
				"south": {"uv": [0, 0, 1, 1], "texture": "#diamond_block"},
				"west": {"uv": [0, 0, 1, 1], "texture": "#diamond_block"}
			}
		},
		{
			"name": "Element",
			"from": [8, 10, 3],
			"to": [9, 11, 4],
			"faces": {
				"east": {"uv": [0, 0, 1, 1], "texture": "#diamond_block"},
				"south": {"uv": [0, 0, 1, 1], "texture": "#diamond_block"},
				"west": {"uv": [0, 0, 1, 1], "texture": "#diamond_block"}
			}
		},
		{
			"name": "Element",
			"from": [8, 11, 3],
			"to": [9, 12, 4],
			"faces": {
				"north": {"uv": [0, 0, 1, 1], "texture": "#diamond_block"},
				"east": {"uv": [0, 0, 1, 1], "texture": "#diamond_block"},
				"west": {"uv": [0, 0, 1, 1], "texture": "#diamond_block"},
				"up": {"uv": [0, 0, 1, 1], "texture": "#diamond_block"}
			}
		},
		{
			"name": "Element",
			"from": [8, 11, 4],
			"to": [9, 12, 5],
			"faces": {
				"east": {"uv": [0, 0, 1, 1], "texture": "#diamond_block"},
				"south": {"uv": [0, 0, 1, 1], "texture": "#diamond_block"},
				"west": {"uv": [0, 0, 1, 1], "texture": "#diamond_block"},
				"up": {"uv": [0, 0, 1, 1], "texture": "#diamond_block"},
				"down": {"uv": [0, 0, 1, 1], "texture": "#diamond_block"}
			}
		},
		{
			"name": "Element",
			"from": [8, 8, 4],
			"to": [9, 9, 5],
			"faces": {
				"east": {"uv": [0, 0, 1, 1], "texture": "#diamond_block"},
				"west": {"uv": [0, 0, 1, 1], "texture": "#diamond_block"},
				"up": {"uv": [0, 0, 1, 1], "texture": "#diamond_block"}
			}
		},
		{
			"name": "Element",
			"from": [8, 7, 2],
			"to": [9, 8, 3],
			"faces": {
				"north": {"uv": [0, 0, 1, 1], "texture": "#diamond_block"},
				"east": {"uv": [0, 0, 1, 1], "texture": "#diamond_block"},
				"west": {"uv": [0, 0, 1, 1], "texture": "#diamond_block"},
				"down": {"uv": [0, 0, 1, 1], "texture": "#diamond_block"}
			}
		},
		{
			"name": "Element",
			"from": [8, 8, 2],
			"to": [9, 9, 3],
			"faces": {
				"east": {"uv": [0, 0, 1, 1], "texture": "#lava_still"},
				"west": {"uv": [0, 0, 1, 1], "texture": "#lava_still"}
			}
		},
		{
			"name": "Element",
			"from": [8, 9, 2],
			"to": [9, 10, 3],
			"faces": {
				"east": {"uv": [0, 0, 1, 1], "texture": "#lava_still"},
				"west": {"uv": [0, 0, 1, 1], "texture": "#lava_still"}
			}
		},
		{
			"name": "Element",
			"from": [8, 10, 2],
			"to": [9, 11, 3],
			"faces": {
				"north": {"uv": [0, 0, 1, 1], "texture": "#diamond_block"},
				"east": {"uv": [0, 0, 1, 1], "texture": "#diamond_block"},
				"west": {"uv": [0, 0, 1, 1], "texture": "#diamond_block"},
				"up": {"uv": [0, 0, 1, 1], "texture": "#diamond_block"}
			}
		},
		{
			"name": "Element",
			"from": [8, 8, 1],
			"to": [9, 9, 2],
			"faces": {
				"north": {"uv": [0, 0, 1, 1], "texture": "#diamond_block"},
				"east": {"uv": [0, 0, 1, 1], "texture": "#diamond_block"},
				"west": {"uv": [0, 0, 1, 1], "texture": "#diamond_block"},
				"down": {"uv": [0, 0, 1, 1], "texture": "#diamond_block"}
			}
		},
		{
			"name": "Element",
			"from": [8, 9, 1],
			"to": [9, 10, 2],
			"faces": {
				"north": {"uv": [0, 0, 1, 1], "texture": "#diamond_block"},
				"east": {"uv": [0, 0, 1, 1], "texture": "#diamond_block"},
				"west": {"uv": [0, 0, 1, 1], "texture": "#diamond_block"},
				"up": {"uv": [0, 0, 1, 1], "texture": "#diamond_block"}
			}
		},
		{
			"name": "Element",
			"from": [8, 7, 4],
			"to": [9, 8, 5],
			"faces": {
				"east": {"uv": [0, 0, 1, 1], "texture": "#sea_lantern"},
				"west": {"uv": [0, 0, 1, 1], "texture": "#sea_lantern"}
			}
		},
		{
			"name": "Element",
			"from": [8, 0, 1],
			"to": [9, 1, 2],
			"faces": {
				"east": {"uv": [0, 0, 1, 1], "texture": "#sea_lantern"},
				"west": {"uv": [0, 0, 1, 1], "texture": "#sea_lantern"},
				"down": {"uv": [0, 0, 1, 1], "texture": "#sea_lantern"}
			}
		}
	],
	"display": {
		"thirdperson_righthand": {
			"rotation": [43, 180, 0],
			"translation": [0.3, 6.1, 2.3],
			"scale": [0.8, 1, 1]
		},
		"thirdperson_lefthand": {
			"rotation": [43, -180, 0],
			"translation": [-0.45, 6.1, 2.3],
			"scale": [0.9, 1, 1]
		},
		"firstperson_righthand": {
			"rotation": [-127, 0, 0],
			"translation": [6.1, 5.05, -2.75],
			"scale": [1, -1, 1]
		},
		"firstperson_lefthand": {
			"rotation": [-37, 0, 0],
			"translation": [6.1, 5.05, -2.75]
		},
		"ground": {
			"translation": [1.5, 4.2, 1],
			"scale": [1, 1, -1]
		},
		"gui": {
			"rotation": [0, 90, 0],
			"translation": [0.45, 0.95, 0]
		},
		"head": {
			"rotation": [0, 180, 0]
		},
		"fixed": {
			"rotation": [90, -180, 90],
			"translation": [-0.55, 0.5, -1],
			"scale": [1, -1.3, 1.3]
		}
	},
	"groups": [
		{
			"name": "Diamond_sword",
			"origin": [8, 8, 8],
			"children": [0, 1, 2, 3, 4, 5, 6, 7, 8, 9, 10, 11, 12, 13, 14, 15, 16, 17, 18, 19, 20, 21, 22, 23, 24, 25, 26, 27, 28, 29, 30, 31, 32, 33, 34, 35, 36, 37, 38, 39, 40, 41, 42, 43, 44, 45, 46, 47, 48, 49, 50, 51, 52, 53, 54, 55, 56, 57, 58, 59, 60, 61, 62, 63, 64, 65, 66, 67, 68, 69, 70, 71, 72, 73, 74, 75, 76, 77, 78, 79, 80, 81, 82, 83, 84, 85, 86, 87, 88, 89, 90, 91, 92, 93, 94, 95, 96]
		}
	]
}