{
	"credit": "Made with Blockbench",
	"textures": {
		"purple_stained_glass": "block/purple_stained_glass",
		"magenta_concrete": "block/magenta_concrete",
		"black_concrete": "block/black_concrete"
	},
	"elements": [
		{
			"name": "Element",
			"from": [8, 0, 0],
			"to": [9, 1, 1],
			"faces": {
				"north": {"uv": [0, 0, 1, 1], "texture": "#black_concrete"},
				"east": {"uv": [0, 0, 1, 1], "texture": "#black_concrete"},
				"west": {"uv": [0, 0, 1, 1], "texture": "#black_concrete"},
				"down": {"uv": [0, 0, 1, 1], "texture": "#black_concrete"}
			}
		},
		{
			"name": "Element",
			"from": [8, 1, 0],
			"to": [9, 2, 1],
			"faces": {
				"north": {"uv": [0, 0, 1, 1], "texture": "#black_concrete"},
				"east": {"uv": [0, 0, 1, 1], "texture": "#black_concrete"},
				"west": {"uv": [0, 0, 1, 1], "texture": "#black_concrete"}
			}
		},
		{
			"name": "Element",
			"from": [8, 2, 0],
			"to": [9, 3, 1],
			"faces": {
				"north": {"uv": [0, 0, 1, 1], "texture": "#black_concrete"},
				"east": {"uv": [0, 0, 1, 1], "texture": "#black_concrete"},
				"west": {"uv": [0, 0, 1, 1], "texture": "#black_concrete"},
				"up": {"uv": [0, 0, 1, 1], "texture": "#black_concrete"}
			}
		},
		{
			"name": "Element",
			"from": [8, 1, 1],
			"to": [9, 2, 2],
			"faces": {
				"east": {"uv": [0, 0, 1, 1], "texture": "#purple_stained_glass"},
				"west": {"uv": [0, 0, 1, 1], "texture": "#purple_stained_glass"}
			}
		},
		{
			"name": "Element",
			"from": [8, 1, 2],
			"to": [9, 2, 3],
			"faces": {
				"east": {"uv": [0, 0, 1, 1], "texture": "#black_concrete"},
				"south": {"uv": [0, 0, 1, 1], "texture": "#black_concrete"},
				"west": {"uv": [0, 0, 1, 1], "texture": "#black_concrete"}
			}
		},
		{
			"name": "Element",
			"from": [8, 2, 1],
			"to": [9, 3, 2],
			"faces": {
				"east": {"uv": [0, 0, 1, 1], "texture": "#black_concrete"},
				"west": {"uv": [0, 0, 1, 1], "texture": "#black_concrete"},
				"up": {"uv": [0, 0, 1, 1], "texture": "#black_concrete"}
			}
		},
		{
			"name": "Element",
			"from": [8, 3, 3],
			"to": [9, 4, 4],
			"faces": {
				"east": {"uv": [0, 0, 1, 1], "texture": "#black_concrete"},
				"west": {"uv": [0, 0, 1, 1], "texture": "#black_concrete"}
			}
		},
		{
			"name": "Element",
			"from": [8, 3, 4],
			"to": [9, 4, 5],
			"faces": {
				"east": {"uv": [0, 0, 1, 1], "texture": "#magenta_concrete"},
				"west": {"uv": [0, 0, 1, 1], "texture": "#magenta_concrete"},
				"down": {"uv": [0, 0, 1, 1], "texture": "#magenta_concrete"}
			}
		},
		{
			"name": "Element",
			"from": [8, 4, 3],
			"to": [9, 5, 4],
			"faces": {
				"north": {"uv": [0, 0, 1, 1], "texture": "#magenta_concrete"},
				"east": {"uv": [0, 0, 1, 1], "texture": "#magenta_concrete"},
				"west": {"uv": [0, 0, 1, 1], "texture": "#magenta_concrete"}
			}
		},
		{
			"name": "Element",
			"from": [8, 4, 4],
			"to": [9, 5, 5],
			"faces": {
				"east": {"uv": [0, 0, 1, 1], "texture": "#black_concrete"},
				"west": {"uv": [0, 0, 1, 1], "texture": "#black_concrete"}
			}
		},
		{
			"name": "Element",
			"from": [8, 5, 4],
			"to": [9, 6, 5],
			"faces": {
				"east": {"uv": [0, 0, 1, 1], "texture": "#black_concrete"},
				"west": {"uv": [0, 0, 1, 1], "texture": "#black_concrete"}
			}
		},
		{
			"name": "Element",
			"from": [8, 5, 3],
			"to": [9, 6, 4],
			"faces": {
				"north": {"uv": [0, 0, 1, 1], "texture": "#black_concrete"},
				"east": {"uv": [0, 0, 1, 1], "texture": "#black_concrete"},
				"west": {"uv": [0, 0, 1, 1], "texture": "#black_concrete"}
			}
		},
		{
			"name": "Element",
			"from": [8, 6, 2],
			"to": [9, 7, 3],
			"faces": {
				"north": {"uv": [0, 0, 1, 1], "texture": "#black_concrete"},
				"east": {"uv": [0, 0, 1, 1], "texture": "#black_concrete"},
				"west": {"uv": [0, 0, 1, 1], "texture": "#black_concrete"},
				"down": {"uv": [0, 0, 1, 1], "texture": "#black_concrete"}
			}
		},
		{
			"name": "Element",
			"from": [8, 7, 2],
			"to": [9, 8, 3],
			"faces": {
				"north": {"uv": [0, 0, 1, 1], "texture": "#black_concrete"},
				"east": {"uv": [0, 0, 1, 1], "texture": "#black_concrete"},
				"west": {"uv": [0, 0, 1, 1], "texture": "#black_concrete"}
			}
		},
		{
			"name": "Element",
			"from": [8, 8, 2],
			"to": [9, 9, 3],
			"faces": {
				"north": {"uv": [0, 0, 1, 1], "texture": "#black_concrete"},
				"east": {"uv": [0, 0, 1, 1], "texture": "#black_concrete"},
				"south": {"uv": [0, 0, 1, 1], "texture": "#black_concrete"},
				"west": {"uv": [0, 0, 1, 1], "texture": "#black_concrete"}
			}
		},
		{
			"name": "Element",
			"from": [8, 9, 2],
			"to": [9, 10, 3],
			"faces": {
				"north": {"uv": [0, 0, 1, 1], "texture": "#black_concrete"},
				"east": {"uv": [0, 0, 1, 1], "texture": "#black_concrete"},
				"south": {"uv": [0, 0, 1, 1], "texture": "#black_concrete"},
				"west": {"uv": [0, 0, 1, 1], "texture": "#black_concrete"},
				"up": {"uv": [0, 0, 1, 1], "texture": "#black_concrete"}
			}
		},
		{
			"name": "Element",
			"from": [8, 7, 3],
			"to": [9, 8, 4],
			"faces": {
				"east": {"uv": [0, 0, 1, 1], "texture": "#black_concrete"},
				"west": {"uv": [0, 0, 1, 1], "texture": "#black_concrete"},
				"up": {"uv": [0, 0, 1, 1], "texture": "#black_concrete"}
			}
		},
		{
			"name": "Element",
			"from": [8, 6, 4],
			"to": [9, 7, 5],
			"faces": {
				"east": {"uv": [0, 0, 1, 1], "texture": "#magenta_concrete"},
				"west": {"uv": [0, 0, 1, 1], "texture": "#magenta_concrete"}
			}
		},
		{
			"name": "Element",
			"from": [8, 6, 5],
			"to": [9, 7, 6],
			"faces": {
				"east": {"uv": [0, 0, 1, 1], "texture": "#magenta_concrete"},
				"west": {"uv": [0, 0, 1, 1], "texture": "#magenta_concrete"}
			}
		},
		{
			"name": "Element",
			"from": [8, 5, 5],
			"to": [9, 6, 6],
			"faces": {
				"east": {"uv": [0, 0, 1, 1], "texture": "#black_concrete"},
				"west": {"uv": [0, 0, 1, 1], "texture": "#black_concrete"}
			}
		},
		{
			"name": "Element",
			"from": [8, 4, 6],
			"to": [9, 5, 7],
			"faces": {
				"east": {"uv": [0, 0, 1, 1], "texture": "#magenta_concrete"},
				"west": {"uv": [0, 0, 1, 1], "texture": "#magenta_concrete"}
			}
		},
		{
			"name": "Element",
			"from": [8, 5, 6],
			"to": [9, 6, 7],
			"faces": {
				"east": {"uv": [0, 0, 1, 1], "texture": "#magenta_concrete"},
				"west": {"uv": [0, 0, 1, 1], "texture": "#magenta_concrete"}
			}
		},
		{
			"name": "Element",
			"from": [8, 5, 7],
			"to": [9, 6, 8],
			"faces": {
				"east": {"uv": [0, 0, 1, 1], "texture": "#purple_stained_glass"},
				"west": {"uv": [0, 0, 1, 1], "texture": "#purple_stained_glass"}
			}
		},
		{
			"name": "Element",
			"from": [8, 4, 7],
			"to": [9, 5, 8],
			"faces": {
				"east": {"uv": [0, 0, 1, 1], "texture": "#black_concrete"},
				"west": {"uv": [0, 0, 1, 1], "texture": "#black_concrete"}
			}
		},
		{
			"name": "Element",
			"from": [8, 4, 8],
			"to": [9, 5, 9],
			"faces": {
				"east": {"uv": [0, 0, 1, 1], "texture": "#black_concrete"},
				"south": {"uv": [0, 0, 1, 1], "texture": "#black_concrete"},
				"west": {"uv": [0, 0, 1, 1], "texture": "#black_concrete"},
				"down": {"uv": [0, 0, 1, 1], "texture": "#black_concrete"}
			}
		},
		{
			"name": "Element",
			"from": [8, 5, 8],
			"to": [9, 6, 9],
			"faces": {
				"east": {"uv": [0, 0, 1, 1], "texture": "#black_concrete"},
				"south": {"uv": [0, 0, 1, 1], "texture": "#black_concrete"},
				"west": {"uv": [0, 0, 1, 1], "texture": "#black_concrete"}
			}
		},
		{
			"name": "Element",
			"from": [8, 8, 5],
			"to": [9, 9, 6],
			"faces": {
				"east": {"uv": [0, 0, 1, 1], "texture": "#black_concrete"},
				"west": {"uv": [0, 0, 1, 1], "texture": "#black_concrete"},
				"up": {"uv": [0, 0, 1, 1], "texture": "#black_concrete"}
			}
		},
		{
			"name": "Element",
			"from": [8, 8, 4],
			"to": [9, 9, 5],
			"faces": {
				"north": {"uv": [0, 0, 1, 1], "texture": "#black_concrete"},
				"east": {"uv": [0, 0, 1, 1], "texture": "#black_concrete"},
				"west": {"uv": [0, 0, 1, 1], "texture": "#black_concrete"},
				"up": {"uv": [0, 0, 1, 1], "texture": "#black_concrete"}
			}
		},
		{
			"name": "Element",
			"from": [8, 7, 4],
			"to": [9, 8, 5],
			"faces": {
				"east": {"uv": [0, 0, 1, 1], "texture": "#black_concrete"},
				"west": {"uv": [0, 0, 1, 1], "texture": "#black_concrete"}
			}
		},
		{
			"name": "Element",
			"from": [8, 6, 8],
			"to": [9, 7, 9],
			"faces": {
				"east": {"uv": [0, 0, 1, 1], "texture": "#black_concrete"},
				"south": {"uv": [0, 0, 1, 1], "texture": "#black_concrete"},
				"west": {"uv": [0, 0, 1, 1], "texture": "#black_concrete"}
			}
		},
		{
			"name": "Element",
			"from": [8, 7, 9],
			"to": [9, 8, 10],
			"faces": {
				"east": {"uv": [0, 0, 1, 1], "texture": "#black_concrete"},
				"south": {"uv": [0, 0, 1, 1], "texture": "#black_concrete"},
				"west": {"uv": [0, 0, 1, 1], "texture": "#black_concrete"},
				"down": {"uv": [0, 0, 1, 1], "texture": "#black_concrete"}
			}
		},
		{
			"name": "Element",
			"from": [8, 8, 10],
			"to": [9, 9, 11],
			"faces": {
				"east": {"uv": [0, 0, 1, 1], "texture": "#black_concrete"},
				"south": {"uv": [0, 0, 1, 1], "texture": "#black_concrete"},
				"west": {"uv": [0, 0, 1, 1], "texture": "#black_concrete"},
				"down": {"uv": [0, 0, 1, 1], "texture": "#black_concrete"}
			}
		},
		{
			"name": "Element",
			"from": [8, 9, 11],
			"to": [9, 10, 12],
			"faces": {
				"east": {"uv": [0, 0, 1, 1], "texture": "#black_concrete"},
				"south": {"uv": [0, 0, 1, 1], "texture": "#black_concrete"},
				"west": {"uv": [0, 0, 1, 1], "texture": "#black_concrete"},
				"down": {"uv": [0, 0, 1, 1], "texture": "#black_concrete"}
			}
		},
		{
			"name": "Element",
			"from": [8, 10, 12],
			"to": [9, 11, 13],
			"faces": {
				"east": {"uv": [0, 0, 1, 1], "texture": "#black_concrete"},
				"south": {"uv": [0, 0, 1, 1], "texture": "#black_concrete"},
				"west": {"uv": [0, 0, 1, 1], "texture": "#black_concrete"},
				"down": {"uv": [0, 0, 1, 1], "texture": "#black_concrete"}
			}
		},
		{
			"name": "Element",
			"from": [8, 11, 13],
			"to": [9, 12, 14],
			"faces": {
				"east": {"uv": [0, 0, 1, 1], "texture": "#black_concrete"},
				"south": {"uv": [0, 0, 1, 1], "texture": "#black_concrete"},
				"west": {"uv": [0, 0, 1, 1], "texture": "#black_concrete"},
				"down": {"uv": [0, 0, 1, 1], "texture": "#black_concrete"}
			}
		},
		{
			"name": "Element",
			"from": [8, 12, 14],
			"to": [9, 13, 15],
			"faces": {
				"east": {"uv": [0, 0, 1, 1], "texture": "#black_concrete"},
				"south": {"uv": [0, 0, 1, 1], "texture": "#black_concrete"},
				"west": {"uv": [0, 0, 1, 1], "texture": "#black_concrete"},
				"down": {"uv": [0, 0, 1, 1], "texture": "#black_concrete"}
			}
		},
		{
			"name": "Element",
			"from": [8, 13, 15],
			"to": [9, 14, 16],
			"faces": {
				"east": {"uv": [0, 0, 1, 1], "texture": "#black_concrete"},
				"south": {"uv": [0, 0, 1, 1], "texture": "#black_concrete"},
				"west": {"uv": [0, 0, 1, 1], "texture": "#black_concrete"},
				"down": {"uv": [0, 0, 1, 1], "texture": "#black_concrete"}
			}
		},
		{
			"name": "Element",
			"from": [8, 6, 7],
			"to": [9, 7, 8],
			"faces": {
				"east": {"uv": [0, 0, 1, 1], "texture": "#magenta_concrete"},
				"west": {"uv": [0, 0, 1, 1], "texture": "#magenta_concrete"}
			}
		},
		{
			"name": "Element",
			"from": [8, 7, 8],
			"to": [9, 8, 9],
			"faces": {
				"east": {"uv": [0, 0, 1, 1], "texture": "#magenta_concrete"},
				"west": {"uv": [0, 0, 1, 1], "texture": "#magenta_concrete"}
			}
		},
		{
			"name": "Element",
			"from": [8, 8, 9],
			"to": [9, 9, 10],
			"faces": {
				"east": {"uv": [0, 0, 1, 1], "texture": "#magenta_concrete"},
				"west": {"uv": [0, 0, 1, 1], "texture": "#magenta_concrete"}
			}
		},
		{
			"name": "Element",
			"from": [8, 9, 10],
			"to": [9, 10, 11],
			"faces": {
				"east": {"uv": [0, 0, 1, 1], "texture": "#magenta_concrete"},
				"west": {"uv": [0, 0, 1, 1], "texture": "#magenta_concrete"}
			}
		},
		{
			"name": "Element",
			"from": [8, 10, 11],
			"to": [9, 11, 12],
			"faces": {
				"east": {"uv": [0, 0, 1, 1], "texture": "#magenta_concrete"},
				"west": {"uv": [0, 0, 1, 1], "texture": "#magenta_concrete"}
			}
		},
		{
			"name": "Element",
			"from": [8, 11, 12],
			"to": [9, 12, 13],
			"faces": {
				"east": {"uv": [0, 0, 1, 1], "texture": "#magenta_concrete"},
				"west": {"uv": [0, 0, 1, 1], "texture": "#magenta_concrete"}
			}
		},
		{
			"name": "Element",
			"from": [8, 12, 13],
			"to": [9, 13, 14],
			"faces": {
				"east": {"uv": [0, 0, 1, 1], "texture": "#magenta_concrete"},
				"west": {"uv": [0, 0, 1, 1], "texture": "#magenta_concrete"}
			}
		},
		{
			"name": "Element",
			"from": [8, 13, 14],
			"to": [9, 14, 15],
			"faces": {
				"east": {"uv": [0, 0, 1, 1], "texture": "#magenta_concrete"},
				"west": {"uv": [0, 0, 1, 1], "texture": "#magenta_concrete"}
			}
		},
		{
			"name": "Element",
			"from": [8, 14, 15],
			"to": [9, 15, 16],
			"faces": {
				"east": {"uv": [0, 0, 1, 1], "texture": "#black_concrete"},
				"south": {"uv": [0, 0, 1, 1], "texture": "#black_concrete"},
				"west": {"uv": [0, 0, 1, 1], "texture": "#black_concrete"}
			}
		},
		{
			"name": "Element",
			"from": [8, 7, 7],
			"to": [9, 8, 8],
			"faces": {
				"east": {"uv": [0, 0, 1, 1], "texture": "#purple_stained_glass"},
				"west": {"uv": [0, 0, 1, 1], "texture": "#purple_stained_glass"}
			}
		},
		{
			"name": "Element",
			"from": [8, 8, 8],
			"to": [9, 9, 9],
			"faces": {
				"east": {"uv": [0, 0, 1, 1], "texture": "#purple_stained_glass"},
				"west": {"uv": [0, 0, 1, 1], "texture": "#purple_stained_glass"}
			}
		},
		{
			"name": "Element",
			"from": [8, 9, 9],
			"to": [9, 10, 10],
			"faces": {
				"east": {"uv": [0, 0, 1, 1], "texture": "#purple_stained_glass"},
				"west": {"uv": [0, 0, 1, 1], "texture": "#purple_stained_glass"}
			}
		},
		{
			"name": "Element",
			"from": [8, 10, 10],
			"to": [9, 11, 11],
			"faces": {
				"east": {"uv": [0, 0, 1, 1], "texture": "#purple_stained_glass"},
				"west": {"uv": [0, 0, 1, 1], "texture": "#purple_stained_glass"}
			}
		},
		{
			"name": "Element",
			"from": [8, 11, 11],
			"to": [9, 12, 12],
			"faces": {
				"east": {"uv": [0, 0, 1, 1], "texture": "#purple_stained_glass"},
				"west": {"uv": [0, 0, 1, 1], "texture": "#purple_stained_glass"}
			}
		},
		{
			"name": "Element",
			"from": [8, 12, 12],
			"to": [9, 13, 13],
			"faces": {
				"east": {"uv": [0, 0, 1, 1], "texture": "#purple_stained_glass"},
				"west": {"uv": [0, 0, 1, 1], "texture": "#purple_stained_glass"}
			}
		},
		{
			"name": "Element",
			"from": [8, 13, 13],
			"to": [9, 14, 14],
			"faces": {
				"east": {"uv": [0, 0, 1, 1], "texture": "#purple_stained_glass"},
				"west": {"uv": [0, 0, 1, 1], "texture": "#purple_stained_glass"}
			}
		},
		{
			"name": "Element",
			"from": [8, 14, 14],
			"to": [9, 15, 15],
			"faces": {
				"east": {"uv": [0, 0, 1, 1], "texture": "#purple_stained_glass"},
				"west": {"uv": [0, 0, 1, 1], "texture": "#purple_stained_glass"}
			}
		},
		{
			"name": "Element",
			"from": [8, 15, 15],
			"to": [9, 16, 16],
			"faces": {
				"east": {"uv": [0, 0, 1, 1], "texture": "#black_concrete"},
				"south": {"uv": [0, 0, 1, 1], "texture": "#black_concrete"},
				"west": {"uv": [0, 0, 1, 1], "texture": "#black_concrete"},
				"up": {"uv": [0, 0, 1, 1], "texture": "#black_concrete"}
			}
		},
		{
			"name": "Element",
			"from": [8, 6, 6],
			"to": [9, 7, 7],
			"faces": {
				"east": {"uv": [0, 0, 1, 1], "texture": "#purple_stained_glass"},
				"west": {"uv": [0, 0, 1, 1], "texture": "#purple_stained_glass"}
			}
		},
		{
			"name": "Element",
			"from": [8, 7, 5],
			"to": [9, 8, 6],
			"faces": {
				"east": {"uv": [0, 0, 1, 1], "texture": "#purple_stained_glass"},
				"west": {"uv": [0, 0, 1, 1], "texture": "#purple_stained_glass"}
			}
		},
		{
			"name": "Element",
			"from": [8, 6, 3],
			"to": [9, 7, 4],
			"faces": {
				"east": {"uv": [0, 0, 1, 1], "texture": "#purple_stained_glass"},
				"west": {"uv": [0, 0, 1, 1], "texture": "#purple_stained_glass"}
			}
		},
		{
			"name": "Element",
			"from": [8, 8, 6],
			"to": [9, 9, 7],
			"faces": {
				"east": {"uv": [0, 0, 1, 1], "texture": "#black_concrete"},
				"west": {"uv": [0, 0, 1, 1], "texture": "#black_concrete"},
				"up": {"uv": [0, 0, 1, 1], "texture": "#black_concrete"}
			}
		},
		{
			"name": "Element",
			"from": [8, 9, 7],
			"to": [9, 10, 8],
			"faces": {
				"north": {"uv": [0, 0, 1, 1], "texture": "#black_concrete"},
				"east": {"uv": [0, 0, 1, 1], "texture": "#black_concrete"},
				"west": {"uv": [0, 0, 1, 1], "texture": "#black_concrete"},
				"up": {"uv": [0, 0, 1, 1], "texture": "#black_concrete"}
			}
		},
		{
			"name": "Element",
			"from": [8, 10, 8],
			"to": [9, 11, 9],
			"faces": {
				"north": {"uv": [0, 0, 1, 1], "texture": "#black_concrete"},
				"east": {"uv": [0, 0, 1, 1], "texture": "#black_concrete"},
				"west": {"uv": [0, 0, 1, 1], "texture": "#black_concrete"},
				"up": {"uv": [0, 0, 1, 1], "texture": "#black_concrete"}
			}
		},
		{
			"name": "Element",
			"from": [8, 11, 9],
			"to": [9, 12, 10],
			"faces": {
				"north": {"uv": [0, 0, 1, 1], "texture": "#black_concrete"},
				"east": {"uv": [0, 0, 1, 1], "texture": "#black_concrete"},
				"west": {"uv": [0, 0, 1, 1], "texture": "#black_concrete"},
				"up": {"uv": [0, 0, 1, 1], "texture": "#black_concrete"}
			}
		},
		{
			"name": "Element",
			"from": [8, 12, 10],
			"to": [9, 13, 11],
			"faces": {
				"north": {"uv": [0, 0, 1, 1], "texture": "#black_concrete"},
				"east": {"uv": [0, 0, 1, 1], "texture": "#black_concrete"},
				"west": {"uv": [0, 0, 1, 1], "texture": "#black_concrete"},
				"up": {"uv": [0, 0, 1, 1], "texture": "#black_concrete"}
			}
		},
		{
			"name": "Element",
			"from": [8, 13, 11],
			"to": [9, 14, 12],
			"faces": {
				"north": {"uv": [0, 0, 1, 1], "texture": "#black_concrete"},
				"east": {"uv": [0, 0, 1, 1], "texture": "#black_concrete"},
				"west": {"uv": [0, 0, 1, 1], "texture": "#black_concrete"},
				"up": {"uv": [0, 0, 1, 1], "texture": "#black_concrete"}
			}
		},
		{
			"name": "Element",
			"from": [8, 14, 12],
			"to": [9, 15, 13],
			"faces": {
				"north": {"uv": [0, 0, 1, 1], "texture": "#black_concrete"},
				"east": {"uv": [0, 0, 1, 1], "texture": "#black_concrete"},
				"west": {"uv": [0, 0, 1, 1], "texture": "#black_concrete"},
				"up": {"uv": [0, 0, 1, 1], "texture": "#black_concrete"}
			}
		},
		{
			"name": "Element",
			"from": [8, 15, 13],
			"to": [9, 16, 14],
			"faces": {
				"north": {"uv": [0, 0, 1, 1], "texture": "#black_concrete"},
				"east": {"uv": [0, 0, 1, 1], "texture": "#black_concrete"},
				"west": {"uv": [0, 0, 1, 1], "texture": "#black_concrete"},
				"up": {"uv": [0, 0, 1, 1], "texture": "#black_concrete"}
			}
		},
		{
			"name": "Element",
			"from": [8, 7, 6],
			"to": [9, 8, 7],
			"faces": {
				"east": {"uv": [0, 0, 1, 1], "texture": "#magenta_concrete"},
				"west": {"uv": [0, 0, 1, 1], "texture": "#magenta_concrete"}
			}
		},
		{
			"name": "Element",
			"from": [8, 8, 7],
			"to": [9, 9, 8],
			"faces": {
				"east": {"uv": [0, 0, 1, 1], "texture": "#magenta_concrete"},
				"west": {"uv": [0, 0, 1, 1], "texture": "#magenta_concrete"}
			}
		},
		{
			"name": "Element",
			"from": [8, 9, 8],
			"to": [9, 10, 9],
			"faces": {
				"east": {"uv": [0, 0, 1, 1], "texture": "#magenta_concrete"},
				"west": {"uv": [0, 0, 1, 1], "texture": "#magenta_concrete"}
			}
		},
		{
			"name": "Element",
			"from": [8, 10, 9],
			"to": [9, 11, 10],
			"faces": {
				"east": {"uv": [0, 0, 1, 1], "texture": "#magenta_concrete"},
				"west": {"uv": [0, 0, 1, 1], "texture": "#magenta_concrete"}
			}
		},
		{
			"name": "Element",
			"from": [8, 11, 10],
			"to": [9, 12, 11],
			"faces": {
				"east": {"uv": [0, 0, 1, 1], "texture": "#magenta_concrete"},
				"west": {"uv": [0, 0, 1, 1], "texture": "#magenta_concrete"}
			}
		},
		{
			"name": "Element",
			"from": [8, 12, 11],
			"to": [9, 13, 12],
			"faces": {
				"east": {"uv": [0, 0, 1, 1], "texture": "#magenta_concrete"},
				"west": {"uv": [0, 0, 1, 1], "texture": "#magenta_concrete"}
			}
		},
		{
			"name": "Element",
			"from": [8, 13, 12],
			"to": [9, 14, 13],
			"faces": {
				"east": {"uv": [0, 0, 1, 1], "texture": "#magenta_concrete"},
				"west": {"uv": [0, 0, 1, 1], "texture": "#magenta_concrete"}
			}
		},
		{
			"name": "Element",
			"from": [8, 14, 13],
			"to": [9, 15, 14],
			"faces": {
				"east": {"uv": [0, 0, 1, 1], "texture": "#magenta_concrete"},
				"west": {"uv": [0, 0, 1, 1], "texture": "#magenta_concrete"}
			}
		},
		{
			"name": "Element",
			"from": [8, 15, 14],
			"to": [9, 16, 15],
			"faces": {
				"east": {"uv": [0, 0, 1, 1], "texture": "#black_concrete"},
				"west": {"uv": [0, 0, 1, 1], "texture": "#black_concrete"},
				"up": {"uv": [0, 0, 1, 1], "texture": "#black_concrete"}
			}
		},
		{
			"name": "Element",
			"from": [8, 4, 5],
			"to": [9, 5, 6],
			"faces": {
				"east": {"uv": [0, 0, 1, 1], "texture": "#black_concrete"},
				"west": {"uv": [0, 0, 1, 1], "texture": "#black_concrete"}
			}
		},
		{
			"name": "Element",
			"from": [8, 3, 5],
			"to": [9, 4, 6],
			"faces": {
				"east": {"uv": [0, 0, 1, 1], "texture": "#black_concrete"},
				"west": {"uv": [0, 0, 1, 1], "texture": "#black_concrete"},
				"down": {"uv": [0, 0, 1, 1], "texture": "#black_concrete"}
			}
		},
		{
			"name": "Element",
			"from": [8, 3, 6],
			"to": [9, 4, 7],
			"faces": {
				"east": {"uv": [0, 0, 1, 1], "texture": "#purple_stained_glass"},
				"west": {"uv": [0, 0, 1, 1], "texture": "#purple_stained_glass"}
			}
		},
		{
			"name": "Element",
			"from": [8, 2, 6],
			"to": [9, 3, 7],
			"faces": {
				"north": {"uv": [0, 0, 1, 1], "texture": "#black_concrete"},
				"east": {"uv": [0, 0, 1, 1], "texture": "#black_concrete"},
				"west": {"uv": [0, 0, 1, 1], "texture": "#black_concrete"},
				"down": {"uv": [0, 0, 1, 1], "texture": "#black_concrete"}
			}
		},
		{
			"name": "Element",
			"from": [8, 2, 7],
			"to": [9, 3, 8],
			"faces": {
				"east": {"uv": [0, 0, 1, 1], "texture": "#black_concrete"},
				"west": {"uv": [0, 0, 1, 1], "texture": "#black_concrete"},
				"down": {"uv": [0, 0, 1, 1], "texture": "#black_concrete"}
			}
		},
		{
			"name": "Element",
			"from": [8, 2, 8],
			"to": [9, 3, 9],
			"faces": {
				"east": {"uv": [0, 0, 1, 1], "texture": "#black_concrete"},
				"west": {"uv": [0, 0, 1, 1], "texture": "#black_concrete"},
				"up": {"uv": [0, 0, 1, 1], "texture": "#black_concrete"},
				"down": {"uv": [0, 0, 1, 1], "texture": "#black_concrete"}
			}
		},
		{
			"name": "Element",
			"from": [8, 2, 9],
			"to": [9, 3, 10],
			"faces": {
				"east": {"uv": [0, 0, 1, 1], "texture": "#black_concrete"},
				"south": {"uv": [0, 0, 1, 1], "texture": "#black_concrete"},
				"west": {"uv": [0, 0, 1, 1], "texture": "#black_concrete"},
				"up": {"uv": [0, 0, 1, 1], "texture": "#black_concrete"},
				"down": {"uv": [0, 0, 1, 1], "texture": "#black_concrete"}
			}
		},
		{
			"name": "Element",
			"from": [8, 3, 7],
			"to": [9, 4, 8],
			"faces": {
				"east": {"uv": [0, 0, 1, 1], "texture": "#black_concrete"},
				"south": {"uv": [0, 0, 1, 1], "texture": "#black_concrete"},
				"west": {"uv": [0, 0, 1, 1], "texture": "#black_concrete"}
			}
		},
		{
			"name": "Element",
			"from": [8, 2, 3],
			"to": [9, 3, 4],
			"faces": {
				"east": {"uv": [0, 0, 1, 1], "texture": "#magenta_concrete"},
				"south": {"uv": [0, 0, 1, 1], "texture": "#magenta_concrete"},
				"west": {"uv": [0, 0, 1, 1], "texture": "#magenta_concrete"},
				"down": {"uv": [0, 0, 1, 1], "texture": "#magenta_concrete"}
			}
		},
		{
			"name": "Element",
			"from": [8, 3, 2],
			"to": [9, 4, 3],
			"faces": {
				"north": {"uv": [0, 0, 1, 1], "texture": "#magenta_concrete"},
				"east": {"uv": [0, 0, 1, 1], "texture": "#magenta_concrete"},
				"west": {"uv": [0, 0, 1, 1], "texture": "#magenta_concrete"},
				"up": {"uv": [0, 0, 1, 1], "texture": "#magenta_concrete"}
			}
		},
		{
			"name": "Element",
			"from": [8, 2, 2],
			"to": [9, 3, 3],
			"faces": {
				"east": {"uv": [0, 0, 1, 1], "texture": "#black_concrete"},
				"west": {"uv": [0, 0, 1, 1], "texture": "#black_concrete"}
			}
		},
		{
			"name": "Element",
			"from": [8, 0, 1],
			"to": [9, 1, 2],
			"faces": {
				"east": {"uv": [0, 0, 1, 1], "texture": "#black_concrete"},
				"west": {"uv": [0, 0, 1, 1], "texture": "#black_concrete"},
				"down": {"uv": [0, 0, 1, 1], "texture": "#black_concrete"}
			}
		},
		{
			"name": "Element",
			"from": [8, 0, 2],
			"to": [9, 1, 3],
			"faces": {
				"east": {"uv": [0, 0, 1, 1], "texture": "#black_concrete"},
				"south": {"uv": [0, 0, 1, 1], "texture": "#black_concrete"},
				"west": {"uv": [0, 0, 1, 1], "texture": "#black_concrete"},
				"down": {"uv": [0, 0, 1, 1], "texture": "#black_concrete"}
			}
		}
	],
	"display": {
		"thirdperson_righthand": {
			"rotation": [-45, 0, 0],
			"translation": [0, 6, 1.75]
		},
		"thirdperson_lefthand": {
			"rotation": [-45, 0, 0],
			"translation": [0, 6, 1.75]
		},
		"firstperson_righthand": {
			"rotation": [-32, 0, 0],
			"translation": [0, 6, 0.25],
			"scale": [0.8, 0.8, 0.8]
		},
		"firstperson_lefthand": {
			"rotation": [-32, 0, 0],
			"translation": [0, 6, 0.25],
			"scale": [0.8, 0.8, 0.8]
		},
		"ground": {
			"translation": [0, 3, 0],
			"scale": [0.8, 0.8, 0.8]
		},
		"gui": {
			"rotation": [0, 90, 0]
		},
		"head": {
			"rotation": [0, 180, 0]
		},
		"fixed": {
			"rotation": [0, 90, 0],
			"scale": [1, 1, -1]
		}
	}
}