{
	"credit": "Made with Blockbench",
	"textures": {
		"pink": "block/magenta_concrete",
		"green": "block/lime_concrete",
		"black": "block/black_concrete",
		"purple": "block/blue_terracotta"
	},
	"elements": [
		{
			"name": "Cube",
			"from": [8, 1, 2],
			"to": [9, 2, 3],
			"faces": {
				"east": {"uv": [0, 0, 1, 1], "texture": "#purple"},
				"west": {"uv": [0, 0, 1, 1], "texture": "#purple"}
			}
		},
		{
			"name": "Cube",
			"from": [8, 2, 2],
			"to": [9, 3, 3],
			"faces": {
				"north": {"uv": [0, 0, 1, 1], "texture": "#black"},
				"east": {"uv": [0, 0, 1, 1], "texture": "#black"},
				"west": {"uv": [0, 0, 1, 1], "texture": "#black"},
				"up": {"uv": [0, 0, 1, 1], "texture": "#black"}
			}
		},
		{
			"name": "Cube",
			"from": [8, 1, 3],
			"to": [9, 2, 4],
			"faces": {
				"east": {"uv": [0, 0, 1, 1], "texture": "#black"},
				"south": {"uv": [0, 0, 1, 1], "texture": "#black"},
				"west": {"uv": [0, 0, 1, 1], "texture": "#black"},
				"down": {"uv": [0, 0, 1, 1], "texture": "#black"}
			}
		},
		{
			"name": "Cube",
			"from": [8, 2, 3],
			"to": [9, 3, 4],
			"faces": {
				"east": {"uv": [0, 0, 1, 1], "texture": "#purple"},
				"west": {"uv": [0, 0, 1, 1], "texture": "#purple"}
			}
		},
		{
			"name": "Cube",
			"from": [8, 2, 4],
			"to": [9, 3, 5],
			"faces": {
				"east": {"uv": [0, 0, 1, 1], "texture": "#black"},
				"south": {"uv": [0, 0, 1, 1], "texture": "#black"},
				"west": {"uv": [0, 0, 1, 1], "texture": "#black"},
				"down": {"uv": [0, 0, 1, 1], "texture": "#black"}
			}
		},
		{
			"name": "Cube",
			"from": [8, 3, 3],
			"to": [9, 4, 4],
			"faces": {
				"north": {"uv": [0, 0, 1, 1], "texture": "#black"},
				"east": {"uv": [0, 0, 1, 1], "texture": "#black"},
				"west": {"uv": [0, 0, 1, 1], "texture": "#black"},
				"up": {"uv": [0, 0, 1, 1], "texture": "#black"}
			}
		},
		{
			"name": "Cube",
			"from": [8, 3, 4],
			"to": [9, 4, 5],
			"faces": {
				"east": {"uv": [0, 0, 1, 1], "texture": "#purple"},
				"west": {"uv": [0, 0, 1, 1], "texture": "#purple"}
			}
		},
		{
			"name": "Cube",
			"from": [8, 3, 5],
			"to": [9, 4, 6],
			"faces": {
				"east": {"uv": [0, 0, 1, 1], "texture": "#black"},
				"west": {"uv": [0, 0, 1, 1], "texture": "#black"},
				"down": {"uv": [0, 0, 1, 1], "texture": "#black"}
			}
		},
		{
			"name": "Cube",
			"from": [8, 4, 4],
			"to": [9, 5, 5],
			"faces": {
				"north": {"uv": [0, 0, 1, 1], "texture": "#black"},
				"east": {"uv": [0, 0, 1, 1], "texture": "#black"},
				"west": {"uv": [0, 0, 1, 1], "texture": "#black"}
			}
		},
		{
			"name": "Cube",
			"from": [8, 4, 5],
			"to": [9, 5, 6],
			"faces": {
				"east": {"uv": [0, 0, 1, 1], "texture": "#purple"},
				"west": {"uv": [0, 0, 1, 1], "texture": "#purple"}
			}
		},
		{
			"name": "Cube",
			"from": [8, 5, 5],
			"to": [9, 6, 6],
			"faces": {
				"east": {"uv": [0, 0, 1, 1], "texture": "#green"},
				"west": {"uv": [0, 0, 1, 1], "texture": "#green"}
			}
		},
		{
			"name": "Cube",
			"from": [8, 5, 6],
			"to": [9, 6, 7],
			"faces": {
				"east": {"uv": [0, 0, 1, 1], "texture": "#green"},
				"west": {"uv": [0, 0, 1, 1], "texture": "#green"}
			}
		},
		{
			"name": "Cube",
			"from": [8, 4, 6],
			"to": [9, 5, 7],
			"faces": {
				"east": {"uv": [0, 0, 1, 1], "texture": "#green"},
				"west": {"uv": [0, 0, 1, 1], "texture": "#green"}
			}
		},
		{
			"name": "Cube",
			"from": [8, 3, 6],
			"to": [9, 4, 7],
			"faces": {
				"east": {"uv": [0, 0, 1, 1], "texture": "#purple"},
				"west": {"uv": [0, 0, 1, 1], "texture": "#purple"}
			}
		},
		{
			"name": "Cube",
			"from": [8, 3, 7],
			"to": [9, 4, 8],
			"faces": {
				"east": {"uv": [0, 0, 1, 1], "texture": "#black"},
				"south": {"uv": [0, 0, 1, 1], "texture": "#black"},
				"west": {"uv": [0, 0, 1, 1], "texture": "#black"}
			}
		},
		{
			"name": "Cube",
			"from": [8, 4, 7],
			"to": [9, 5, 8],
			"faces": {
				"east": {"uv": [0, 0, 1, 1], "texture": "#purple"},
				"west": {"uv": [0, 0, 1, 1], "texture": "#purple"}
			}
		},
		{
			"name": "Cube",
			"from": [8, 2, 6],
			"to": [9, 3, 7],
			"faces": {
				"north": {"uv": [0, 0, 1, 1], "texture": "#purple"},
				"east": {"uv": [0, 0, 1, 1], "texture": "#purple"},
				"west": {"uv": [0, 0, 1, 1], "texture": "#purple"},
				"down": {"uv": [0, 0, 1, 1], "texture": "#purple"}
			}
		},
		{
			"name": "Cube",
			"from": [8, 2, 7],
			"to": [9, 3, 8],
			"faces": {
				"east": {"uv": [0, 0, 1, 1], "texture": "#black"},
				"south": {"uv": [0, 0, 1, 1], "texture": "#black"},
				"west": {"uv": [0, 0, 1, 1], "texture": "#black"}
			}
		},
		{
			"name": "Cube",
			"from": [8, 1, 7],
			"to": [9, 2, 8],
			"faces": {
				"north": {"uv": [0, 0, 1, 1], "texture": "#black"},
				"east": {"uv": [0, 0, 1, 1], "texture": "#black"},
				"south": {"uv": [0, 0, 1, 1], "texture": "#black"},
				"west": {"uv": [0, 0, 1, 1], "texture": "#black"},
				"down": {"uv": [0, 0, 1, 1], "texture": "#black"}
			}
		},
		{
			"name": "Cube",
			"from": [8, 5, 4],
			"to": [9, 6, 5],
			"faces": {
				"east": {"uv": [0, 0, 1, 1], "texture": "#purple"},
				"west": {"uv": [0, 0, 1, 1], "texture": "#purple"}
			}
		},
		{
			"name": "Cube",
			"from": [8, 5, 3],
			"to": [9, 6, 4],
			"faces": {
				"north": {"uv": [0, 0, 1, 1], "texture": "#purple"},
				"east": {"uv": [0, 0, 1, 1], "texture": "#purple"},
				"west": {"uv": [0, 0, 1, 1], "texture": "#purple"},
				"down": {"uv": [0, 0, 1, 1], "texture": "#purple"}
			}
		},
		{
			"name": "Cube",
			"from": [8, 6, 3],
			"to": [9, 7, 4],
			"faces": {
				"east": {"uv": [0, 0, 1, 1], "texture": "#black"},
				"west": {"uv": [0, 0, 1, 1], "texture": "#black"},
				"up": {"uv": [0, 0, 1, 1], "texture": "#black"}
			}
		},
		{
			"name": "Cube",
			"from": [8, 6, 4],
			"to": [9, 7, 5],
			"faces": {
				"east": {"uv": [0, 0, 1, 1], "texture": "#black"},
				"west": {"uv": [0, 0, 1, 1], "texture": "#black"},
				"up": {"uv": [0, 0, 1, 1], "texture": "#black"}
			}
		},
		{
			"name": "Cube",
			"from": [8, 6, 5],
			"to": [9, 7, 6],
			"faces": {
				"east": {"uv": [0, 0, 1, 1], "texture": "#purple"},
				"west": {"uv": [0, 0, 1, 1], "texture": "#purple"}
			}
		},
		{
			"name": "Cube",
			"from": [8, 6, 2],
			"to": [9, 7, 3],
			"faces": {
				"north": {"uv": [0, 0, 1, 1], "texture": "#black"},
				"east": {"uv": [0, 0, 1, 1], "texture": "#black"},
				"west": {"uv": [0, 0, 1, 1], "texture": "#black"},
				"up": {"uv": [0, 0, 1, 1], "texture": "#black"},
				"down": {"uv": [0, 0, 1, 1], "texture": "#black"}
			}
		},
		{
			"name": "Cube",
			"from": [8, 6, 6],
			"to": [9, 7, 7],
			"faces": {
				"east": {"uv": [0, 0, 1, 1], "texture": "#purple"},
				"west": {"uv": [0, 0, 1, 1], "texture": "#purple"}
			}
		},
		{
			"name": "Cube",
			"from": [8, 5, 7],
			"to": [9, 6, 8],
			"faces": {
				"east": {"uv": [0, 0, 1, 1], "texture": "#purple"},
				"west": {"uv": [0, 0, 1, 1], "texture": "#purple"}
			}
		},
		{
			"name": "Cube",
			"from": [8, 6, 7],
			"to": [9, 7, 8],
			"faces": {
				"east": {"uv": [0, 0, 1, 1], "texture": "#green"},
				"west": {"uv": [0, 0, 1, 1], "texture": "#green"}
			}
		},
		{
			"name": "Cube",
			"from": [8, 7, 7],
			"to": [9, 8, 8],
			"faces": {
				"east": {"uv": [0, 0, 1, 1], "texture": "#purple"},
				"west": {"uv": [0, 0, 1, 1], "texture": "#purple"}
			}
		},
		{
			"name": "Cube",
			"from": [8, 7, 6],
			"to": [9, 8, 7],
			"faces": {
				"east": {"uv": [0, 0, 1, 1], "texture": "#purple"},
				"west": {"uv": [0, 0, 1, 1], "texture": "#purple"},
				"up": {"uv": [0, 0, 1, 1], "texture": "#purple"}
			}
		},
		{
			"name": "Cube",
			"from": [8, 7, 5],
			"to": [9, 8, 6],
			"faces": {
				"north": {"uv": [0, 0, 1, 1], "texture": "#black"},
				"east": {"uv": [0, 0, 1, 1], "texture": "#black"},
				"west": {"uv": [0, 0, 1, 1], "texture": "#black"},
				"up": {"uv": [0, 0, 1, 1], "texture": "#black"}
			}
		},
		{
			"name": "Cube",
			"from": [8, 7, 8],
			"to": [9, 8, 9],
			"faces": {
				"east": {"uv": [0, 0, 1, 1], "texture": "#green"},
				"west": {"uv": [0, 0, 1, 1], "texture": "#green"}
			}
		},
		{
			"name": "Cube",
			"from": [8, 6, 8],
			"to": [9, 7, 9],
			"faces": {
				"east": {"uv": [0, 0, 1, 1], "texture": "#purple"},
				"west": {"uv": [0, 0, 1, 1], "texture": "#purple"}
			}
		},
		{
			"name": "Cube",
			"from": [8, 5, 8],
			"to": [9, 6, 9],
			"faces": {
				"east": {"uv": [0, 0, 1, 1], "texture": "#purple"},
				"south": {"uv": [0, 0, 1, 1], "texture": "#purple"},
				"west": {"uv": [0, 0, 1, 1], "texture": "#purple"}
			}
		},
		{
			"name": "Cube",
			"from": [8, 4, 8],
			"to": [9, 5, 9],
			"faces": {
				"east": {"uv": [0, 0, 1, 1], "texture": "#black"},
				"south": {"uv": [0, 0, 1, 1], "texture": "#black"},
				"west": {"uv": [0, 0, 1, 1], "texture": "#black"},
				"down": {"uv": [0, 0, 1, 1], "texture": "#black"}
			}
		},
		{
			"name": "Cube",
			"from": [8, 8, 8],
			"to": [9, 9, 9],
			"faces": {
				"east": {"uv": [0, 0, 1, 1], "texture": "#purple"},
				"west": {"uv": [0, 0, 1, 1], "texture": "#purple"}
			}
		},
		{
			"name": "Cube",
			"from": [8, 8, 7],
			"to": [9, 9, 8],
			"faces": {
				"north": {"uv": [0, 0, 1, 1], "texture": "#pink"},
				"east": {"uv": [0, 0, 1, 1], "texture": "#pink"},
				"west": {"uv": [0, 0, 1, 1], "texture": "#pink"},
				"up": {"uv": [0, 0, 1, 1], "texture": "#pink"}
			}
		},
		{
			"name": "Cube",
			"from": [8, 8, 9],
			"to": [9, 9, 10],
			"faces": {
				"east": {"uv": [0, 0, 1, 1], "texture": "#green"},
				"west": {"uv": [0, 0, 1, 1], "texture": "#green"}
			}
		},
		{
			"name": "Cube",
			"from": [8, 7, 9],
			"to": [9, 8, 10],
			"faces": {
				"east": {"uv": [0, 0, 1, 1], "texture": "#purple"},
				"west": {"uv": [0, 0, 1, 1], "texture": "#purple"}
			}
		},
		{
			"name": "Cube",
			"from": [8, 6, 9],
			"to": [9, 7, 10],
			"faces": {
				"east": {"uv": [0, 0, 1, 1], "texture": "#black"},
				"south": {"uv": [0, 0, 1, 1], "texture": "#black"},
				"west": {"uv": [0, 0, 1, 1], "texture": "#black"},
				"down": {"uv": [0, 0, 1, 1], "texture": "#black"}
			}
		},
		{
			"name": "Cube",
			"from": [8, 9, 9],
			"to": [9, 10, 10],
			"faces": {
				"east": {"uv": [0, 0, 1, 1], "texture": "#purple"},
				"west": {"uv": [0, 0, 1, 1], "texture": "#purple"}
			}
		},
		{
			"name": "Cube",
			"from": [8, 9, 10],
			"to": [9, 10, 11],
			"faces": {
				"east": {"uv": [0, 0, 1, 1], "texture": "#green"},
				"west": {"uv": [0, 0, 1, 1], "texture": "#green"}
			}
		},
		{
			"name": "Cube",
			"from": [8, 8, 10],
			"to": [9, 9, 11],
			"faces": {
				"east": {"uv": [0, 0, 1, 1], "texture": "#purple"},
				"west": {"uv": [0, 0, 1, 1], "texture": "#purple"}
			}
		},
		{
			"name": "Cube",
			"from": [8, 7, 10],
			"to": [9, 8, 11],
			"faces": {
				"east": {"uv": [0, 0, 1, 1], "texture": "#black"},
				"south": {"uv": [0, 0, 1, 1], "texture": "#black"},
				"west": {"uv": [0, 0, 1, 1], "texture": "#black"},
				"down": {"uv": [0, 0, 1, 1], "texture": "#black"}
			}
		},
		{
			"name": "Cube",
			"from": [8, 9, 8],
			"to": [9, 10, 9],
			"faces": {
				"north": {"uv": [0, 0, 1, 1], "texture": "#pink"},
				"east": {"uv": [0, 0, 1, 1], "texture": "#pink"},
				"west": {"uv": [0, 0, 1, 1], "texture": "#pink"},
				"up": {"uv": [0, 0, 1, 1], "texture": "#pink"}
			}
		},
		{
			"name": "Cube",
			"from": [8, 10, 9],
			"to": [9, 11, 10],
			"faces": {
				"north": {"uv": [0, 0, 1, 1], "texture": "#pink"},
				"east": {"uv": [0, 0, 1, 1], "texture": "#pink"},
				"west": {"uv": [0, 0, 1, 1], "texture": "#pink"},
				"up": {"uv": [0, 0, 1, 1], "texture": "#pink"}
			}
		},
		{
			"name": "Cube",
			"from": [8, 10, 10],
			"to": [9, 11, 11],
			"faces": {
				"east": {"uv": [0, 0, 1, 1], "texture": "#purple"},
				"west": {"uv": [0, 0, 1, 1], "texture": "#purple"}
			}
		},
		{
			"name": "Cube",
			"from": [8, 10, 11],
			"to": [9, 11, 12],
			"faces": {
				"east": {"uv": [0, 0, 1, 1], "texture": "#green"},
				"west": {"uv": [0, 0, 1, 1], "texture": "#green"}
			}
		},
		{
			"name": "Cube",
			"from": [8, 9, 11],
			"to": [9, 10, 12],
			"faces": {
				"east": {"uv": [0, 0, 1, 1], "texture": "#purple"},
				"west": {"uv": [0, 0, 1, 1], "texture": "#purple"}
			}
		},
		{
			"name": "Cube",
			"from": [8, 8, 11],
			"to": [9, 9, 12],
			"faces": {
				"east": {"uv": [0, 0, 1, 1], "texture": "#black"},
				"south": {"uv": [0, 0, 1, 1], "texture": "#black"},
				"west": {"uv": [0, 0, 1, 1], "texture": "#black"},
				"down": {"uv": [0, 0, 1, 1], "texture": "#black"}
			}
		},
		{
			"name": "Cube",
			"from": [8, 11, 11],
			"to": [9, 12, 12],
			"faces": {
				"east": {"uv": [0, 0, 1, 1], "texture": "#purple"},
				"west": {"uv": [0, 0, 1, 1], "texture": "#purple"}
			}
		},
		{
			"name": "Cube",
			"from": [8, 11, 10],
			"to": [9, 12, 11],
			"faces": {
				"north": {"uv": [0, 0, 1, 1], "texture": "#pink"},
				"east": {"uv": [0, 0, 1, 1], "texture": "#pink"},
				"west": {"uv": [0, 0, 1, 1], "texture": "#pink"},
				"up": {"uv": [0, 0, 1, 1], "texture": "#pink"}
			}
		},
		{
			"name": "Cube",
			"from": [8, 11, 12],
			"to": [9, 12, 13],
			"faces": {
				"east": {"uv": [0, 0, 1, 1], "texture": "#green"},
				"west": {"uv": [0, 0, 1, 1], "texture": "#green"}
			}
		},
		{
			"name": "Cube",
			"from": [8, 10, 12],
			"to": [9, 11, 13],
			"faces": {
				"east": {"uv": [0, 0, 1, 1], "texture": "#purple"},
				"west": {"uv": [0, 0, 1, 1], "texture": "#purple"}
			}
		},
		{
			"name": "Cube",
			"from": [8, 9, 12],
			"to": [9, 10, 13],
			"faces": {
				"east": {"uv": [0, 0, 1, 1], "texture": "#black"},
				"south": {"uv": [0, 0, 1, 1], "texture": "#black"},
				"west": {"uv": [0, 0, 1, 1], "texture": "#black"},
				"down": {"uv": [0, 0, 1, 1], "texture": "#black"}
			}
		},
		{
			"name": "Cube",
			"from": [8, 12, 12],
			"to": [9, 13, 13],
			"faces": {
				"east": {"uv": [0, 0, 1, 1], "texture": "#purple"},
				"west": {"uv": [0, 0, 1, 1], "texture": "#purple"}
			}
		},
		{
			"name": "Cube",
			"from": [8, 12, 11],
			"to": [9, 13, 12],
			"faces": {
				"north": {"uv": [0, 0, 1, 1], "texture": "#pink"},
				"east": {"uv": [0, 0, 1, 1], "texture": "#pink"},
				"west": {"uv": [0, 0, 1, 1], "texture": "#pink"},
				"up": {"uv": [0, 0, 1, 1], "texture": "#pink"}
			}
		},
		{
			"name": "Cube",
			"from": [8, 12, 13],
			"to": [9, 13, 14],
			"faces": {
				"east": {"uv": [0, 0, 1, 1], "texture": "#purple"},
				"west": {"uv": [0, 0, 1, 1], "texture": "#purple"}
			}
		},
		{
			"name": "Cube",
			"from": [8, 11, 13],
			"to": [9, 12, 14],
			"faces": {
				"east": {"uv": [0, 0, 1, 1], "texture": "#purple"},
				"west": {"uv": [0, 0, 1, 1], "texture": "#purple"}
			}
		},
		{
			"name": "Cube",
			"from": [8, 10, 13],
			"to": [9, 11, 14],
			"faces": {
				"east": {"uv": [0, 0, 1, 1], "texture": "#black"},
				"south": {"uv": [0, 0, 1, 1], "texture": "#black"},
				"west": {"uv": [0, 0, 1, 1], "texture": "#black"},
				"down": {"uv": [0, 0, 1, 1], "texture": "#black"}
			}
		},
		{
			"name": "Cube",
			"from": [8, 13, 13],
			"to": [9, 14, 14],
			"faces": {
				"east": {"uv": [0, 0, 1, 1], "texture": "#black"},
				"west": {"uv": [0, 0, 1, 1], "texture": "#black"},
				"up": {"uv": [0, 0, 1, 1], "texture": "#black"}
			}
		},
		{
			"name": "Cube",
			"from": [8, 13, 12],
			"to": [9, 14, 13],
			"faces": {
				"north": {"uv": [0, 0, 1, 1], "texture": "#pink"},
				"east": {"uv": [0, 0, 1, 1], "texture": "#pink"},
				"west": {"uv": [0, 0, 1, 1], "texture": "#pink"},
				"up": {"uv": [0, 0, 1, 1], "texture": "#pink"}
			}
		},
		{
			"name": "Cube",
			"from": [8, 13, 14],
			"to": [9, 14, 15],
			"faces": {
				"east": {"uv": [0, 0, 1, 1], "texture": "#black"},
				"south": {"uv": [0, 0, 1, 1], "texture": "#black"},
				"west": {"uv": [0, 0, 1, 1], "texture": "#black"},
				"up": {"uv": [0, 0, 1, 1], "texture": "#black"}
			}
		},
		{
			"name": "Cube",
			"from": [8, 12, 14],
			"to": [9, 13, 15],
			"faces": {
				"east": {"uv": [0, 0, 1, 1], "texture": "#black"},
				"south": {"uv": [0, 0, 1, 1], "texture": "#black"},
				"west": {"uv": [0, 0, 1, 1], "texture": "#black"}
			}
		},
		{
			"name": "Cube",
			"from": [8, 11, 14],
			"to": [9, 12, 15],
			"faces": {
				"east": {"uv": [0, 0, 1, 1], "texture": "#black"},
				"south": {"uv": [0, 0, 1, 1], "texture": "#black"},
				"west": {"uv": [0, 0, 1, 1], "texture": "#black"},
				"down": {"uv": [0, 0, 1, 1], "texture": "#black"}
			}
		},
		{
			"name": "Cube",
			"from": [8, 0, 2],
			"to": [9, 1, 3],
			"faces": {
				"east": {"uv": [0, 0, 1, 1], "texture": "#black"},
				"south": {"uv": [0, 0, 1, 1], "texture": "#black"},
				"west": {"uv": [0, 0, 1, 1], "texture": "#black"},
				"down": {"uv": [0, 0, 1, 1], "texture": "#black"}
			}
		},
		{
			"name": "Cube",
			"from": [8, 0, 1],
			"to": [9, 1, 2],
			"faces": {
				"north": {"uv": [0, 0, 1, 1], "texture": "#black"},
				"east": {"uv": [0, 0, 1, 1], "texture": "#black"},
				"west": {"uv": [0, 0, 1, 1], "texture": "#black"},
				"down": {"uv": [0, 0, 1, 1], "texture": "#black"}
			}
		},
		{
			"name": "Cube",
			"from": [8, 1, 1],
			"to": [9, 2, 2],
			"faces": {
				"north": {"uv": [0, 0, 1, 1], "texture": "#black"},
				"east": {"uv": [0, 0, 1, 1], "texture": "#black"},
				"west": {"uv": [0, 0, 1, 1], "texture": "#black"},
				"up": {"uv": [0, 0, 1, 1], "texture": "#black"}
			}
		}
	],
	"display": {
		"thirdperson_righthand": {
			"rotation": [43, 180, 360],
			"translation": [0.3, 6.1, 2.3],
			"scale": [0.575, 1, 1]
		},
		"thirdperson_lefthand": {
			"rotation": [-45, 0, 0],
			"translation": [0, 6, 1]
		},
		"firstperson_righthand": {
			"rotation": [-127, 0, 0],
			"translation": [6.1, 5.05, -2.75],
			"scale": [1, -1, 1]
		},
		"firstperson_lefthand": {
			"rotation": [56, 0, 0],
			"translation": [0, 6, -1.25],
			"scale": [1, 1, -1]
		},
		"ground": {
			"translation": [1.5, 4.2, 1],
			"scale": [1, 1, -1]
		},
		"gui": {
			"rotation": [0, 90, 0],
			"translation": [-0.05, 1.45, 0],
			"scale": [1, 1.1, 1.1]
		},
		"head": {
			"rotation": [0, 180, 0]
		},
		"fixed": {
			"rotation": [90, -180, 90],
			"translation": [-1.3, 0, -1],
			"scale": [1.4, -1.4, 1.4]
		}
	},
	"groups": [
		{
			"name": "iron_sword",
			"origin": [8, 8, 8],
			"children": [0, 1, 2, 3, 4, 5, 6, 7, 8, 9, 10, 11, 12, 13, 14, 15, 16, 17, 18, 19, 20, 21, 22, 23, 24, 25, 26, 27, 28, 29, 30, 31, 32, 33, 34, 35, 36, 37, 38, 39, 40, 41, 42, 43, 44, 45, 46, 47, 48, 49, 50, 51, 52, 53, 54, 55, 56, 57, 58, 59, 60, 61, 62, 63, 64, 65, 66, 67]
		}
	]
}