{
	"credit": "Made with Blockbench",
	"textures": {
		"3": "block/purple_concrete",
		"orange": "block/orange_concrete",
		"red": "block/red_concrete",
		"black": "block/black_concrete",
		"particle": "block/purple_concrete"
	},
	"elements": [
		{
			"name": "Element",
			"from": [8, 1, 14],
			"to": [9, 2, 15],
			"faces": {
				"east": {"uv": [0, 0, 1, 1], "texture": "#orange"},
				"west": {"uv": [0, 0, 1, 1], "texture": "#orange"}
			}
		},
		{
			"name": "Element",
			"from": [8, 0, 14],
			"to": [9, 1, 15],
			"faces": {
				"east": {"uv": [0, 0, 1, 1], "texture": "#black"},
				"west": {"uv": [0, 0, 1, 1], "texture": "#black"},
				"down": {"uv": [0, 0, 1, 1], "texture": "#black"}
			}
		},
		{
			"name": "Element",
			"from": [8, 0, 15],
			"to": [9, 1, 16],
			"faces": {
				"east": {"uv": [0, 0, 1, 1], "texture": "#black"},
				"south": {"uv": [0, 0, 1, 1], "texture": "#black"},
				"west": {"uv": [0, 0, 1, 1], "texture": "#black"},
				"down": {"uv": [0, 0, 1, 1], "texture": "#black"}
			}
		},
		{
			"name": "Element",
			"from": [8, 1, 15],
			"to": [9, 2, 16],
			"faces": {
				"east": {"uv": [0, 0, 1, 1], "texture": "#black"},
				"south": {"uv": [0, 0, 1, 1], "texture": "#black"},
				"west": {"uv": [0, 0, 1, 1], "texture": "#black"}
			}
		},
		{
			"name": "Element",
			"from": [8, 2, 15],
			"to": [9, 3, 16],
			"faces": {
				"east": {"uv": [0, 0, 1, 1], "texture": "#black"},
				"south": {"uv": [0, 0, 1, 1], "texture": "#black"},
				"west": {"uv": [0, 0, 1, 1], "texture": "#black"},
				"up": {"uv": [0, 0, 1, 1], "texture": "#black"}
			}
		},
		{
			"name": "Element",
			"from": [8, 2, 14],
			"to": [9, 3, 15],
			"faces": {
				"east": {"uv": [0, 0, 1, 1], "texture": "#black"},
				"west": {"uv": [0, 0, 1, 1], "texture": "#black"},
				"up": {"uv": [0, 0, 1, 1], "texture": "#black"}
			}
		},
		{
			"name": "Element",
			"from": [8, 2, 13],
			"to": [9, 3, 14],
			"faces": {
				"east": {"uv": [0, 0, 1, 1], "texture": "#orange"},
				"west": {"uv": [0, 0, 1, 1], "texture": "#orange"}
			}
		},
		{
			"name": "Element",
			"from": [8, 3, 13],
			"to": [9, 4, 14],
			"faces": {
				"east": {"uv": [0, 0, 1, 1], "texture": "#black"},
				"south": {"uv": [0, 0, 1, 1], "texture": "#black"},
				"west": {"uv": [0, 0, 1, 1], "texture": "#black"},
				"up": {"uv": [0, 0, 1, 1], "texture": "#black"}
			}
		},
		{
			"name": "Element",
			"from": [8, 3, 12],
			"to": [9, 4, 13],
			"faces": {
				"east": {"uv": [0, 0, 1, 1], "texture": "#orange"},
				"west": {"uv": [0, 0, 1, 1], "texture": "#orange"}
			}
		},
		{
			"name": "Element",
			"from": [8, 4, 12],
			"to": [9, 5, 13],
			"faces": {
				"east": {"uv": [0, 0, 1, 1], "texture": "#black"},
				"south": {"uv": [0, 0, 1, 1], "texture": "#black"},
				"west": {"uv": [0, 0, 1, 1], "texture": "#black"},
				"up": {"uv": [0, 0, 1, 1], "texture": "#black"}
			}
		},
		{
			"name": "Element",
			"from": [8, 4, 11],
			"to": [9, 5, 12],
			"faces": {
				"east": {"uv": [0, 0, 1, 1], "texture": "#orange"},
				"west": {"uv": [0, 0, 1, 1], "texture": "#orange"}
			}
		},
		{
			"name": "Element",
			"from": [8, 5, 11],
			"to": [9, 6, 12],
			"faces": {
				"east": {"uv": [0, 0, 1, 1], "texture": "#black"},
				"south": {"uv": [0, 0, 1, 1], "texture": "#black"},
				"west": {"uv": [0, 0, 1, 1], "texture": "#black"}
			}
		},
		{
			"name": "Element",
			"from": [8, 5, 10],
			"to": [9, 6, 11],
			"faces": {
				"east": {"uv": [0, 0, 1, 1], "texture": "#3"},
				"west": {"uv": [0, 0, 1, 1], "texture": "#3"}
			}
		},
		{
			"name": "Element",
			"from": [8, 6, 10],
			"to": [9, 7, 11],
			"faces": {
				"east": {"uv": [0, 0, 1, 1], "texture": "#black"},
				"west": {"uv": [0, 0, 1, 1], "texture": "#black"}
			}
		},
		{
			"name": "Element",
			"from": [8, 6, 11],
			"to": [9, 7, 12],
			"faces": {
				"east": {"uv": [0, 0, 1, 1], "texture": "#black"},
				"west": {"uv": [0, 0, 1, 1], "texture": "#black"}
			}
		},
		{
			"name": "Element",
			"from": [8, 6, 12],
			"to": [9, 7, 13],
			"faces": {
				"east": {"uv": [0, 0, 1, 1], "texture": "#black"},
				"south": {"uv": [0, 0, 1, 1], "texture": "#black"},
				"west": {"uv": [0, 0, 1, 1], "texture": "#black"},
				"down": {"uv": [0, 0, 1, 1], "texture": "#black"}
			}
		},
		{
			"name": "Element",
			"from": [8, 7, 12],
			"to": [9, 8, 13],
			"faces": {
				"east": {"uv": [0, 0, 1, 1], "texture": "#black"},
				"south": {"uv": [0, 0, 1, 1], "texture": "#black"},
				"west": {"uv": [0, 0, 1, 1], "texture": "#black"}
			}
		},
		{
			"name": "Element",
			"from": [8, 8, 13],
			"to": [9, 9, 14],
			"faces": {
				"east": {"uv": [0, 0, 1, 1], "texture": "#black"},
				"south": {"uv": [0, 0, 1, 1], "texture": "#black"},
				"west": {"uv": [0, 0, 1, 1], "texture": "#black"},
				"down": {"uv": [0, 0, 1, 1], "texture": "#black"}
			}
		},
		{
			"name": "Element",
			"from": [8, 9, 13],
			"to": [9, 10, 14],
			"faces": {
				"east": {"uv": [0, 0, 1, 1], "texture": "#black"},
				"south": {"uv": [0, 0, 1, 1], "texture": "#black"},
				"west": {"uv": [0, 0, 1, 1], "texture": "#black"},
				"up": {"uv": [0, 0, 1, 1], "texture": "#black"}
			}
		},
		{
			"name": "Element",
			"from": [8, 9, 12],
			"to": [9, 10, 13],
			"faces": {
				"north": {"uv": [0, 0, 1, 1], "texture": "#orange"},
				"east": {"uv": [0, 0, 1, 1], "texture": "#orange"},
				"west": {"uv": [0, 0, 1, 1], "texture": "#orange"}
			}
		},
		{
			"name": "Element",
			"from": [8, 10, 12],
			"to": [9, 11, 13],
			"faces": {
				"north": {"uv": [0, 0, 1, 1], "texture": "#black"},
				"east": {"uv": [0, 0, 1, 1], "texture": "#black"},
				"south": {"uv": [0, 0, 1, 1], "texture": "#black"},
				"west": {"uv": [0, 0, 1, 1], "texture": "#black"},
				"up": {"uv": [0, 0, 1, 1], "texture": "#black"}
			}
		},
		{
			"name": "Element",
			"from": [8, 8, 12],
			"to": [9, 9, 13],
			"faces": {
				"east": {"uv": [0, 0, 1, 1], "texture": "#black"},
				"west": {"uv": [0, 0, 1, 1], "texture": "#black"}
			}
		},
		{
			"name": "Element",
			"from": [8, 8, 11],
			"to": [9, 9, 12],
			"faces": {
				"north": {"uv": [0, 0, 1, 1], "texture": "#orange"},
				"east": {"uv": [0, 0, 1, 1], "texture": "#orange"},
				"west": {"uv": [0, 0, 1, 1], "texture": "#orange"},
				"up": {"uv": [0, 0, 1, 1], "texture": "#orange"}
			}
		},
		{
			"name": "Element",
			"from": [8, 7, 11],
			"to": [9, 8, 12],
			"faces": {
				"east": {"uv": [0, 0, 1, 1], "texture": "#red"},
				"west": {"uv": [0, 0, 1, 1], "texture": "#red"}
			}
		},
		{
			"name": "Element",
			"from": [8, 5, 9],
			"to": [9, 6, 10],
			"faces": {
				"east": {"uv": [0, 0, 1, 1], "texture": "#black"},
				"west": {"uv": [0, 0, 1, 1], "texture": "#black"}
			}
		},
		{
			"name": "Element",
			"from": [8, 6, 9],
			"to": [9, 7, 10],
			"faces": {
				"east": {"uv": [0, 0, 1, 1], "texture": "#3"},
				"west": {"uv": [0, 0, 1, 1], "texture": "#3"}
			}
		},
		{
			"name": "Element",
			"from": [8, 6, 8],
			"to": [9, 7, 9],
			"faces": {
				"east": {"uv": [0, 0, 1, 1], "texture": "#black"},
				"west": {"uv": [0, 0, 1, 1], "texture": "#black"}
			}
		},
		{
			"name": "Element",
			"from": [8, 6, 7],
			"to": [9, 7, 8],
			"faces": {
				"north": {"uv": [0, 0, 1, 1], "texture": "#black"},
				"east": {"uv": [0, 0, 1, 1], "texture": "#black"},
				"west": {"uv": [0, 0, 1, 1], "texture": "#black"},
				"down": {"uv": [0, 0, 1, 1], "texture": "#black"}
			}
		},
		{
			"name": "Element",
			"from": [8, 7, 6],
			"to": [9, 8, 7],
			"faces": {
				"north": {"uv": [0, 0, 1, 1], "texture": "#black"},
				"east": {"uv": [0, 0, 1, 1], "texture": "#black"},
				"west": {"uv": [0, 0, 1, 1], "texture": "#black"},
				"down": {"uv": [0, 0, 1, 1], "texture": "#black"}
			}
		},
		{
			"name": "Element",
			"from": [8, 8, 5],
			"to": [9, 9, 6],
			"faces": {
				"north": {"uv": [0, 0, 1, 1], "texture": "#black"},
				"east": {"uv": [0, 0, 1, 1], "texture": "#black"},
				"west": {"uv": [0, 0, 1, 1], "texture": "#black"},
				"down": {"uv": [0, 0, 1, 1], "texture": "#black"}
			}
		},
		{
			"name": "Element",
			"from": [8, 9, 4],
			"to": [9, 10, 5],
			"faces": {
				"north": {"uv": [0, 0, 1, 1], "texture": "#black"},
				"east": {"uv": [0, 0, 1, 1], "texture": "#black"},
				"west": {"uv": [0, 0, 1, 1], "texture": "#black"},
				"down": {"uv": [0, 0, 1, 1], "texture": "#black"}
			}
		},
		{
			"name": "Element",
			"from": [8, 10, 3],
			"to": [9, 11, 4],
			"faces": {
				"north": {"uv": [0, 0, 1, 1], "texture": "#black"},
				"east": {"uv": [0, 0, 1, 1], "texture": "#black"},
				"west": {"uv": [0, 0, 1, 1], "texture": "#black"},
				"down": {"uv": [0, 0, 1, 1], "texture": "#black"}
			}
		},
		{
			"name": "Element",
			"from": [8, 11, 2],
			"to": [9, 12, 3],
			"faces": {
				"north": {"uv": [0, 0, 1, 1], "texture": "#black"},
				"east": {"uv": [0, 0, 1, 1], "texture": "#black"},
				"west": {"uv": [0, 0, 1, 1], "texture": "#black"},
				"down": {"uv": [0, 0, 1, 1], "texture": "#black"}
			}
		},
		{
			"name": "Element",
			"from": [8, 12, 1],
			"to": [9, 13, 2],
			"faces": {
				"north": {"uv": [0, 0, 1, 1], "texture": "#black"},
				"east": {"uv": [0, 0, 1, 1], "texture": "#black"},
				"west": {"uv": [0, 0, 1, 1], "texture": "#black"},
				"down": {"uv": [0, 0, 1, 1], "texture": "#black"}
			}
		},
		{
			"name": "Element",
			"from": [8, 13, 0],
			"to": [9, 14, 1],
			"faces": {
				"north": {"uv": [0, 0, 1, 1], "texture": "#black"},
				"east": {"uv": [0, 0, 1, 1], "texture": "#black"},
				"west": {"uv": [0, 0, 1, 1], "texture": "#black"},
				"down": {"uv": [0, 0, 1, 1], "texture": "#black"}
			}
		},
		{
			"name": "Element",
			"from": [8, 7, 8],
			"to": [9, 8, 9],
			"faces": {
				"east": {"uv": [0, 0, 1, 1], "texture": "#black"},
				"west": {"uv": [0, 0, 1, 1], "texture": "#black"}
			}
		},
		{
			"name": "Element",
			"from": [8, 7, 7],
			"to": [9, 8, 8],
			"faces": {
				"east": {"uv": [0, 0, 1, 1], "texture": "#orange"},
				"west": {"uv": [0, 0, 1, 1], "texture": "#orange"}
			}
		},
		{
			"name": "Element",
			"from": [8, 8, 6],
			"to": [9, 9, 7],
			"faces": {
				"east": {"uv": [0, 0, 1, 1], "texture": "#orange"},
				"west": {"uv": [0, 0, 1, 1], "texture": "#orange"}
			}
		},
		{
			"name": "Element",
			"from": [8, 9, 5],
			"to": [9, 10, 6],
			"faces": {
				"east": {"uv": [0, 0, 1, 1], "texture": "#orange"},
				"west": {"uv": [0, 0, 1, 1], "texture": "#orange"}
			}
		},
		{
			"name": "Element",
			"from": [8, 10, 4],
			"to": [9, 11, 5],
			"faces": {
				"east": {"uv": [0, 0, 1, 1], "texture": "#orange"},
				"west": {"uv": [0, 0, 1, 1], "texture": "#orange"}
			}
		},
		{
			"name": "Element",
			"from": [8, 11, 3],
			"to": [9, 12, 4],
			"faces": {
				"east": {"uv": [0, 0, 1, 1], "texture": "#orange"},
				"west": {"uv": [0, 0, 1, 1], "texture": "#orange"}
			}
		},
		{
			"name": "Element",
			"from": [8, 12, 2],
			"to": [9, 13, 3],
			"faces": {
				"east": {"uv": [0, 0, 1, 1], "texture": "#orange"},
				"west": {"uv": [0, 0, 1, 1], "texture": "#orange"}
			}
		},
		{
			"name": "Element",
			"from": [8, 13, 1],
			"to": [9, 14, 2],
			"faces": {
				"east": {"uv": [0, 0, 1, 1], "texture": "#orange"},
				"west": {"uv": [0, 0, 1, 1], "texture": "#orange"}
			}
		},
		{
			"name": "Element",
			"from": [8, 14, 0],
			"to": [9, 15, 1],
			"faces": {
				"north": {"uv": [0, 0, 1, 1], "texture": "#black"},
				"east": {"uv": [0, 0, 1, 1], "texture": "#black"},
				"west": {"uv": [0, 0, 1, 1], "texture": "#black"}
			}
		},
		{
			"name": "Element",
			"from": [8, 8, 7],
			"to": [9, 9, 8],
			"faces": {
				"east": {"uv": [0, 0, 1, 1], "texture": "#orange"},
				"west": {"uv": [0, 0, 1, 1], "texture": "#orange"}
			}
		},
		{
			"name": "Element",
			"from": [8, 9, 6],
			"to": [9, 10, 7],
			"faces": {
				"east": {"uv": [0, 0, 1, 1], "texture": "#orange"},
				"west": {"uv": [0, 0, 1, 1], "texture": "#orange"}
			}
		},
		{
			"name": "Element",
			"from": [8, 10, 5],
			"to": [9, 11, 6],
			"faces": {
				"east": {"uv": [0, 0, 1, 1], "texture": "#orange"},
				"west": {"uv": [0, 0, 1, 1], "texture": "#orange"}
			}
		},
		{
			"name": "Element",
			"from": [8, 11, 4],
			"to": [9, 12, 5],
			"faces": {
				"east": {"uv": [0, 0, 1, 1], "texture": "#orange"},
				"west": {"uv": [0, 0, 1, 1], "texture": "#orange"}
			}
		},
		{
			"name": "Element",
			"from": [8, 12, 3],
			"to": [9, 13, 4],
			"faces": {
				"east": {"uv": [0, 0, 1, 1], "texture": "#orange"},
				"west": {"uv": [0, 0, 1, 1], "texture": "#orange"}
			}
		},
		{
			"name": "Element",
			"from": [8, 13, 2],
			"to": [9, 14, 3],
			"faces": {
				"east": {"uv": [0, 0, 1, 1], "texture": "#orange"},
				"west": {"uv": [0, 0, 1, 1], "texture": "#orange"}
			}
		},
		{
			"name": "Element",
			"from": [8, 14, 1],
			"to": [9, 15, 2],
			"faces": {
				"east": {"uv": [0, 0, 1, 1], "texture": "#orange"},
				"west": {"uv": [0, 0, 1, 1], "texture": "#orange"}
			}
		},
		{
			"name": "Element",
			"from": [8, 15, 0],
			"to": [9, 16, 1],
			"faces": {
				"north": {"uv": [0, 0, 1, 1], "texture": "#black"},
				"east": {"uv": [0, 0, 1, 1], "texture": "#black"},
				"west": {"uv": [0, 0, 1, 1], "texture": "#black"},
				"up": {"uv": [0, 0, 1, 1], "texture": "#black"}
			}
		},
		{
			"name": "Element",
			"from": [8, 5, 8],
			"to": [9, 6, 9],
			"faces": {
				"north": {"uv": [0, 0, 1, 1], "texture": "#red"},
				"east": {"uv": [0, 0, 1, 1], "texture": "#red"},
				"west": {"uv": [0, 0, 1, 1], "texture": "#red"}
			}
		},
		{
			"name": "Element",
			"from": [8, 7, 10],
			"to": [9, 8, 11],
			"faces": {
				"east": {"uv": [0, 0, 1, 1], "texture": "#red"},
				"west": {"uv": [0, 0, 1, 1], "texture": "#red"},
				"up": {"uv": [0, 0, 1, 1], "texture": "#red"}
			}
		},
		{
			"name": "Element",
			"from": [8, 7, 9],
			"to": [9, 8, 10],
			"faces": {
				"east": {"uv": [0, 0, 1, 1], "texture": "#black"},
				"west": {"uv": [0, 0, 1, 1], "texture": "#black"}
			}
		},
		{
			"name": "Element",
			"from": [8, 8, 9],
			"to": [9, 9, 10],
			"faces": {
				"east": {"uv": [0, 0, 1, 1], "texture": "#black"},
				"south": {"uv": [0, 0, 1, 1], "texture": "#black"},
				"west": {"uv": [0, 0, 1, 1], "texture": "#black"},
				"up": {"uv": [0, 0, 1, 1], "texture": "#black"}
			}
		},
		{
			"name": "Element",
			"from": [8, 9, 8],
			"to": [9, 10, 9],
			"faces": {
				"east": {"uv": [0, 0, 1, 1], "texture": "#black"},
				"south": {"uv": [0, 0, 1, 1], "texture": "#black"},
				"west": {"uv": [0, 0, 1, 1], "texture": "#black"},
				"up": {"uv": [0, 0, 1, 1], "texture": "#black"}
			}
		},
		{
			"name": "Element",
			"from": [8, 10, 7],
			"to": [9, 11, 8],
			"faces": {
				"east": {"uv": [0, 0, 1, 1], "texture": "#black"},
				"south": {"uv": [0, 0, 1, 1], "texture": "#black"},
				"west": {"uv": [0, 0, 1, 1], "texture": "#black"},
				"up": {"uv": [0, 0, 1, 1], "texture": "#black"}
			}
		},
		{
			"name": "Element",
			"from": [8, 11, 6],
			"to": [9, 12, 7],
			"faces": {
				"east": {"uv": [0, 0, 1, 1], "texture": "#black"},
				"south": {"uv": [0, 0, 1, 1], "texture": "#black"},
				"west": {"uv": [0, 0, 1, 1], "texture": "#black"},
				"up": {"uv": [0, 0, 1, 1], "texture": "#black"}
			}
		},
		{
			"name": "Element",
			"from": [8, 12, 5],
			"to": [9, 13, 6],
			"faces": {
				"east": {"uv": [0, 0, 1, 1], "texture": "#black"},
				"south": {"uv": [0, 0, 1, 1], "texture": "#black"},
				"west": {"uv": [0, 0, 1, 1], "texture": "#black"},
				"up": {"uv": [0, 0, 1, 1], "texture": "#black"}
			}
		},
		{
			"name": "Element",
			"from": [8, 13, 4],
			"to": [9, 14, 5],
			"faces": {
				"east": {"uv": [0, 0, 1, 1], "texture": "#black"},
				"south": {"uv": [0, 0, 1, 1], "texture": "#black"},
				"west": {"uv": [0, 0, 1, 1], "texture": "#black"},
				"up": {"uv": [0, 0, 1, 1], "texture": "#black"}
			}
		},
		{
			"name": "Element",
			"from": [8, 14, 3],
			"to": [9, 15, 4],
			"faces": {
				"east": {"uv": [0, 0, 1, 1], "texture": "#black"},
				"south": {"uv": [0, 0, 1, 1], "texture": "#black"},
				"west": {"uv": [0, 0, 1, 1], "texture": "#black"},
				"up": {"uv": [0, 0, 1, 1], "texture": "#black"}
			}
		},
		{
			"name": "Element",
			"from": [8, 15, 2],
			"to": [9, 16, 3],
			"faces": {
				"east": {"uv": [0, 0, 1, 1], "texture": "#black"},
				"south": {"uv": [0, 0, 1, 1], "texture": "#black"},
				"west": {"uv": [0, 0, 1, 1], "texture": "#black"},
				"up": {"uv": [0, 0, 1, 1], "texture": "#black"}
			}
		},
		{
			"name": "Element",
			"from": [8, 8, 8],
			"to": [9, 9, 9],
			"faces": {
				"east": {"uv": [0, 0, 1, 1], "texture": "#red"},
				"west": {"uv": [0, 0, 1, 1], "texture": "#red"}
			}
		},
		{
			"name": "Element",
			"from": [8, 9, 7],
			"to": [9, 10, 8],
			"faces": {
				"east": {"uv": [0, 0, 1, 1], "texture": "#red"},
				"west": {"uv": [0, 0, 1, 1], "texture": "#red"}
			}
		},
		{
			"name": "Element",
			"from": [8, 10, 6],
			"to": [9, 11, 7],
			"faces": {
				"east": {"uv": [0, 0, 1, 1], "texture": "#red"},
				"west": {"uv": [0, 0, 1, 1], "texture": "#red"}
			}
		},
		{
			"name": "Element",
			"from": [8, 11, 5],
			"to": [9, 12, 6],
			"faces": {
				"east": {"uv": [0, 0, 1, 1], "texture": "#red"},
				"west": {"uv": [0, 0, 1, 1], "texture": "#red"}
			}
		},
		{
			"name": "Element",
			"from": [8, 12, 4],
			"to": [9, 13, 5],
			"faces": {
				"east": {"uv": [0, 0, 1, 1], "texture": "#red"},
				"west": {"uv": [0, 0, 1, 1], "texture": "#red"}
			}
		},
		{
			"name": "Element",
			"from": [8, 13, 3],
			"to": [9, 14, 4],
			"faces": {
				"east": {"uv": [0, 0, 1, 1], "texture": "#red"},
				"west": {"uv": [0, 0, 1, 1], "texture": "#red"}
			}
		},
		{
			"name": "Element",
			"from": [8, 14, 2],
			"to": [9, 15, 3],
			"faces": {
				"east": {"uv": [0, 0, 1, 1], "texture": "#red"},
				"west": {"uv": [0, 0, 1, 1], "texture": "#red"}
			}
		},
		{
			"name": "Element",
			"from": [8, 15, 1],
			"to": [9, 16, 2],
			"faces": {
				"east": {"uv": [0, 0, 1, 1], "texture": "#black"},
				"west": {"uv": [0, 0, 1, 1], "texture": "#black"},
				"up": {"uv": [0, 0, 1, 1], "texture": "#black"}
			}
		},
		{
			"name": "Element",
			"from": [8, 4, 8],
			"to": [9, 5, 9],
			"faces": {
				"east": {"uv": [0, 0, 1, 1], "texture": "#red"},
				"west": {"uv": [0, 0, 1, 1], "texture": "#red"}
			}
		},
		{
			"name": "Element",
			"from": [8, 3, 8],
			"to": [9, 4, 9],
			"faces": {
				"east": {"uv": [0, 0, 1, 1], "texture": "#black"},
				"west": {"uv": [0, 0, 1, 1], "texture": "#black"},
				"down": {"uv": [0, 0, 1, 1], "texture": "#black"}
			}
		},
		{
			"name": "Element",
			"from": [8, 3, 9],
			"to": [9, 4, 10],
			"faces": {
				"east": {"uv": [0, 0, 1, 1], "texture": "#black"},
				"south": {"uv": [0, 0, 1, 1], "texture": "#black"},
				"west": {"uv": [0, 0, 1, 1], "texture": "#black"},
				"down": {"uv": [0, 0, 1, 1], "texture": "#black"}
			}
		},
		{
			"name": "Element",
			"from": [8, 2, 7],
			"to": [9, 3, 8],
			"faces": {
				"east": {"uv": [0, 0, 1, 1], "texture": "#black"},
				"south": {"uv": [0, 0, 1, 1], "texture": "#black"},
				"west": {"uv": [0, 0, 1, 1], "texture": "#black"},
				"down": {"uv": [0, 0, 1, 1], "texture": "#black"}
			}
		},
		{
			"name": "Element",
			"from": [8, 3, 7],
			"to": [9, 4, 8],
			"faces": {
				"east": {"uv": [0, 0, 1, 1], "texture": "#black"},
				"west": {"uv": [0, 0, 1, 1], "texture": "#black"}
			}
		},
		{
			"name": "Element",
			"from": [8, 4, 7],
			"to": [9, 5, 8],
			"faces": {
				"north": {"uv": [0, 0, 1, 1], "texture": "#orange"},
				"east": {"uv": [0, 0, 1, 1], "texture": "#orange"},
				"west": {"uv": [0, 0, 1, 1], "texture": "#orange"},
				"up": {"uv": [0, 0, 1, 1], "texture": "#orange"}
			}
		},
		{
			"name": "Element",
			"from": [8, 3, 6],
			"to": [9, 4, 7],
			"faces": {
				"east": {"uv": [0, 0, 1, 1], "texture": "#orange"},
				"west": {"uv": [0, 0, 1, 1], "texture": "#orange"},
				"up": {"uv": [0, 0, 1, 1], "texture": "#orange"}
			}
		},
		{
			"name": "Element",
			"from": [8, 3, 5],
			"to": [9, 4, 6],
			"faces": {
				"north": {"uv": [0, 0, 1, 1], "texture": "#black"},
				"east": {"uv": [0, 0, 1, 1], "texture": "#black"},
				"west": {"uv": [0, 0, 1, 1], "texture": "#black"},
				"up": {"uv": [0, 0, 1, 1], "texture": "#black"},
				"down": {"uv": [0, 0, 1, 1], "texture": "#black"}
			}
		},
		{
			"name": "Element",
			"from": [8, 2, 6],
			"to": [9, 3, 7],
			"faces": {
				"north": {"uv": [0, 0, 1, 1], "texture": "#black"},
				"east": {"uv": [0, 0, 1, 1], "texture": "#black"},
				"west": {"uv": [0, 0, 1, 1], "texture": "#black"},
				"down": {"uv": [0, 0, 1, 1], "texture": "#black"}
			}
		},
		{
			"name": "Element",
			"from": [8, 4, 9],
			"to": [9, 5, 10],
			"faces": {
				"east": {"uv": [0, 0, 1, 1], "texture": "#black"},
				"west": {"uv": [0, 0, 1, 1], "texture": "#black"}
			}
		},
		{
			"name": "Element",
			"from": [8, 4, 10],
			"to": [9, 5, 11],
			"faces": {
				"east": {"uv": [0, 0, 1, 1], "texture": "#black"},
				"west": {"uv": [0, 0, 1, 1], "texture": "#black"},
				"down": {"uv": [0, 0, 1, 1], "texture": "#black"}
			}
		},
		{
			"name": "Element",
			"from": [8, 3, 11],
			"to": [9, 4, 12],
			"faces": {
				"north": {"uv": [0, 0, 1, 1], "texture": "#black"},
				"east": {"uv": [0, 0, 1, 1], "texture": "#black"},
				"west": {"uv": [0, 0, 1, 1], "texture": "#black"},
				"down": {"uv": [0, 0, 1, 1], "texture": "#black"}
			}
		},
		{
			"name": "Element",
			"from": [8, 2, 12],
			"to": [9, 3, 13],
			"faces": {
				"north": {"uv": [0, 0, 1, 1], "texture": "#black"},
				"east": {"uv": [0, 0, 1, 1], "texture": "#black"},
				"west": {"uv": [0, 0, 1, 1], "texture": "#black"},
				"down": {"uv": [0, 0, 1, 1], "texture": "#black"}
			}
		},
		{
			"name": "Element",
			"from": [8, 0, 13],
			"to": [9, 1, 14],
			"faces": {
				"north": {"uv": [0, 0, 1, 1], "texture": "#black"},
				"east": {"uv": [0, 0, 1, 1], "texture": "#black"},
				"west": {"uv": [0, 0, 1, 1], "texture": "#black"},
				"down": {"uv": [0, 0, 1, 1], "texture": "#black"}
			}
		},
		{
			"name": "Element",
			"from": [8, 1, 13],
			"to": [9, 2, 14],
			"faces": {
				"north": {"uv": [0, 0, 1, 1], "texture": "#black"},
				"east": {"uv": [0, 0, 1, 1], "texture": "#black"},
				"west": {"uv": [0, 0, 1, 1], "texture": "#black"}
			}
		}
	],
	"display": {
		"thirdperson_righthand": {
			"rotation": [45, 0, 0],
			"translation": [-0.5, 5.5, 1.5]
		},
		"thirdperson_lefthand": {
			"rotation": [45, 0, 0],
			"translation": [0, 5.5, 1.75]
		},
		"firstperson_righthand": {
			"rotation": [60, 0, 0],
			"translation": [0, 6, 2],
			"scale": [0.6, 0.6, 0.6]
		},
		"firstperson_lefthand": {
			"rotation": [60, 0, 0],
			"translation": [0, 6, 1.5],
			"scale": [0.6, 0.6, 0.6]
		},
		"ground": {
			"translation": [0, 1, 0],
			"scale": [0.6, 0.6, 0.6]
		},
		"gui": {
			"rotation": [0, 90, 0],
			"scale": [1, 1, -1]
		},
		"head": {
			"rotation": [0, 180, 0]
		},
		"fixed": {
			"rotation": [0, 90, 0]
		}
	}
}