{
	"credit": "Made with Blockbench",
	"textures": {
		"4": "block/magma",
		"particle": "block/magma",
		"brown_concrete": "block/brown_concrete",
		"oak_planks": "block/oak_planks",
		"iron_block": "block/iron_block",
		"diamond_block": "block/diamond_block"
	},
	"elements": [
		{
			"name": "Element",
			"from": [18, 4, 7],
			"to": [19, 5, 8],
			"faces": {
				"north": {"uv": [0, 0, 1, 1], "texture": "#iron_block"},
				"east": {"uv": [0, 0, 1, 1], "texture": "#iron_block"},
				"south": {"uv": [0, 0, 1, 1], "texture": "#iron_block"},
				"down": {"uv": [0, 0, 1, 1], "texture": "#iron_block"}
			}
		},
		{
			"name": "Element",
			"from": [19, 5, 7],
			"to": [20, 6, 8],
			"faces": {
				"north": {"uv": [0, 0, 1, 1], "texture": "#iron_block"},
				"south": {"uv": [0, 0, 1, 1], "texture": "#iron_block"},
				"up": {"uv": [0, 0, 1, 1], "texture": "#iron_block"},
				"down": {"uv": [0, 0, 1, 1], "texture": "#iron_block"}
			}
		},
		{
			"name": "Element",
			"from": [20, 5, 7],
			"to": [21, 6, 8],
			"faces": {
				"north": {"uv": [0, 0, 1, 1], "texture": "#iron_block"},
				"east": {"uv": [0, 0, 1, 1], "texture": "#iron_block"},
				"south": {"uv": [0, 0, 1, 1], "texture": "#iron_block"},
				"up": {"uv": [0, 0, 1, 1], "texture": "#iron_block"},
				"down": {"uv": [0, 0, 1, 1], "texture": "#iron_block"}
			}
		},
		{
			"name": "Element",
			"from": [21, 4, 7],
			"to": [22, 5, 8],
			"faces": {
				"north": {"uv": [0, 0, 1, 1], "texture": "#iron_block"},
				"east": {"uv": [0, 0, 1, 1], "texture": "#iron_block"},
				"south": {"uv": [0, 0, 1, 1], "texture": "#iron_block"},
				"west": {"uv": [0, 0, 1, 1], "texture": "#iron_block"},
				"up": {"uv": [0, 0, 1, 1], "texture": "#iron_block"},
				"down": {"uv": [0, 0, 1, 1], "texture": "#iron_block"}
			}
		},
		{
			"name": "Element",
			"from": [22, 3, 7],
			"to": [23, 4, 8],
			"faces": {
				"north": {"uv": [0, 0, 1, 1], "texture": "#iron_block"},
				"east": {"uv": [0, 0, 1, 1], "texture": "#iron_block"},
				"south": {"uv": [0, 0, 1, 1], "texture": "#iron_block"},
				"west": {"uv": [0, 0, 1, 1], "texture": "#iron_block"},
				"up": {"uv": [0, 0, 1, 1], "texture": "#iron_block"}
			}
		},
		{
			"name": "Element",
			"from": [22, 2, 7],
			"to": [23, 3, 8],
			"faces": {
				"north": {"uv": [0, 0, 1, 1], "texture": "#diamond_block"},
				"east": {"uv": [0, 0, 1, 1], "texture": "#diamond_block"},
				"south": {"uv": [0, 0, 1, 1], "texture": "#diamond_block"},
				"west": {"uv": [0, 0, 1, 1], "texture": "#diamond_block"},
				"down": {"uv": [0, 0, 1, 1], "texture": "#diamond_block"}
			}
		},
		{
			"name": "Element",
			"from": [17, 3, 7],
			"to": [18, 4, 8],
			"faces": {
				"north": {"uv": [0, 0, 1, 1], "texture": "#iron_block"},
				"east": {"uv": [0, 0, 1, 1], "texture": "#iron_block"},
				"south": {"uv": [0, 0, 1, 1], "texture": "#iron_block"},
				"west": {"uv": [0, 0, 1, 1], "texture": "#iron_block"}
			}
		},
		{
			"name": "Element",
			"from": [17, 2, 7],
			"to": [18, 3, 8],
			"faces": {
				"north": {"uv": [0, 0, 1, 1], "texture": "#iron_block"},
				"east": {"uv": [0, 0, 1, 1], "texture": "#iron_block"},
				"south": {"uv": [0, 0, 1, 1], "texture": "#iron_block"},
				"west": {"uv": [0, 0, 1, 1], "texture": "#iron_block"},
				"down": {"uv": [0, 0, 1, 1], "texture": "#iron_block"}
			}
		},
		{
			"name": "Element",
			"from": [18, 1, 7],
			"to": [19, 2, 8],
			"faces": {
				"north": {"uv": [0, 0, 1, 1], "texture": "#iron_block"},
				"east": {"uv": [0, 0, 1, 1], "texture": "#iron_block"},
				"south": {"uv": [0, 0, 1, 1], "texture": "#iron_block"},
				"west": {"uv": [0, 0, 1, 1], "texture": "#iron_block"},
				"up": {"uv": [0, 0, 1, 1], "texture": "#iron_block"},
				"down": {"uv": [0, 0, 1, 1], "texture": "#iron_block"}
			}
		},
		{
			"name": "Element",
			"from": [19, 0, 7],
			"to": [20, 1, 8],
			"faces": {
				"north": {"uv": [0, 0, 1, 1], "texture": "#iron_block"},
				"south": {"uv": [0, 0, 1, 1], "texture": "#iron_block"},
				"west": {"uv": [0, 0, 1, 1], "texture": "#iron_block"},
				"up": {"uv": [0, 0, 1, 1], "texture": "#iron_block"},
				"down": {"uv": [0, 0, 1, 1], "texture": "#iron_block"}
			}
		},
		{
			"name": "Element",
			"from": [20, 0, 7],
			"to": [21, 1, 8],
			"faces": {
				"north": {"uv": [0, 0, 1, 1], "texture": "#diamond_block"},
				"east": {"uv": [0, 0, 1, 1], "texture": "#diamond_block"},
				"south": {"uv": [0, 0, 1, 1], "texture": "#diamond_block"},
				"up": {"uv": [0, 0, 1, 1], "texture": "#diamond_block"},
				"down": {"uv": [0, 0, 1, 1], "texture": "#diamond_block"}
			}
		},
		{
			"name": "Element",
			"from": [18, 5, 7],
			"to": [19, 6, 8],
			"faces": {
				"north": {"uv": [0, 0, 1, 1], "texture": "#iron_block"},
				"south": {"uv": [0, 0, 1, 1], "texture": "#iron_block"},
				"up": {"uv": [0, 0, 1, 1], "texture": "#iron_block"}
			}
		},
		{
			"name": "Element",
			"from": [17, 6, 7],
			"to": [18, 7, 8],
			"faces": {
				"north": {"uv": [0, 0, 1, 1], "texture": "#brown_concrete"},
				"east": {"uv": [0, 0, 1, 1], "texture": "#brown_concrete"},
				"south": {"uv": [0, 0, 1, 1], "texture": "#brown_concrete"},
				"up": {"uv": [0, 0, 1, 1], "texture": "#brown_concrete"}
			}
		},
		{
			"name": "Element",
			"from": [18, 7, 7],
			"to": [19, 8, 8],
			"faces": {
				"north": {"uv": [0, 0, 1, 1], "texture": "#diamond_block"},
				"east": {"uv": [0, 0, 1, 1], "texture": "#diamond_block"},
				"south": {"uv": [0, 0, 1, 1], "texture": "#diamond_block"},
				"west": {"uv": [0, 0, 1, 1], "texture": "#diamond_block"},
				"down": {"uv": [0, 0, 1, 1], "texture": "#diamond_block"}
			}
		},
		{
			"name": "Element",
			"from": [18, 8, 7],
			"to": [19, 9, 8],
			"faces": {
				"north": {"uv": [0, 0, 1, 1], "texture": "#diamond_block"},
				"east": {"uv": [0, 0, 1, 1], "texture": "#diamond_block"},
				"south": {"uv": [0, 0, 1, 1], "texture": "#diamond_block"},
				"west": {"uv": [0, 0, 1, 1], "texture": "#diamond_block"},
				"up": {"uv": [0, 0, 1, 1], "texture": "#diamond_block"}
			}
		},
		{
			"name": "Element",
			"from": [17, 9, 7],
			"to": [18, 10, 8],
			"faces": {
				"north": {"uv": [0, 0, 1, 1], "texture": "#diamond_block"},
				"east": {"uv": [0, 0, 1, 1], "texture": "#diamond_block"},
				"south": {"uv": [0, 0, 1, 1], "texture": "#diamond_block"},
				"west": {"uv": [0, 0, 1, 1], "texture": "#diamond_block"},
				"down": {"uv": [0, 0, 1, 1], "texture": "#diamond_block"}
			}
		},
		{
			"name": "Element",
			"from": [16, 10, 7],
			"to": [17, 11, 8],
			"faces": {
				"north": {"uv": [0, 0, 1, 1], "texture": "#diamond_block"},
				"south": {"uv": [0, 0, 1, 1], "texture": "#diamond_block"},
				"west": {"uv": [0, 0, 1, 1], "texture": "#diamond_block"},
				"up": {"uv": [0, 0, 1, 1], "texture": "#diamond_block"},
				"down": {"uv": [0, 0, 1, 1], "texture": "#diamond_block"}
			}
		},
		{
			"name": "Element",
			"from": [17, 10, 7],
			"to": [18, 11, 8],
			"faces": {
				"north": {"uv": [0, 0, 1, 1], "texture": "#diamond_block"},
				"south": {"uv": [0, 0, 1, 1], "texture": "#diamond_block"},
				"up": {"uv": [0, 0, 1, 1], "texture": "#diamond_block"}
			}
		},
		{
			"name": "Element",
			"from": [18, 10, 7],
			"to": [19, 11, 8],
			"faces": {
				"north": {"uv": [0, 0, 1, 1], "texture": "#diamond_block"},
				"south": {"uv": [0, 0, 1, 1], "texture": "#diamond_block"},
				"up": {"uv": [0, 0, 1, 1], "texture": "#diamond_block"},
				"down": {"uv": [0, 0, 1, 1], "texture": "#diamond_block"}
			}
		},
		{
			"name": "Element",
			"from": [19, 10, 7],
			"to": [20, 11, 8],
			"faces": {
				"north": {"uv": [0, 0, 1, 1], "texture": "#diamond_block"},
				"east": {"uv": [0, 0, 1, 1], "texture": "#diamond_block"},
				"south": {"uv": [0, 0, 1, 1], "texture": "#diamond_block"},
				"up": {"uv": [0, 0, 1, 1], "texture": "#diamond_block"},
				"down": {"uv": [0, 0, 1, 1], "texture": "#diamond_block"}
			}
		},
		{
			"name": "Element",
			"from": [20, 9, 7],
			"to": [21, 10, 8],
			"faces": {
				"north": {"uv": [0, 0, 1, 1], "texture": "#diamond_block"},
				"east": {"uv": [0, 0, 1, 1], "texture": "#diamond_block"},
				"south": {"uv": [0, 0, 1, 1], "texture": "#diamond_block"},
				"west": {"uv": [0, 0, 1, 1], "texture": "#diamond_block"},
				"up": {"uv": [0, 0, 1, 1], "texture": "#diamond_block"},
				"down": {"uv": [0, 0, 1, 1], "texture": "#diamond_block"}
			}
		},
		{
			"name": "Element",
			"from": [16, 7, 7],
			"to": [17, 8, 8],
			"faces": {
				"north": {"uv": [0, 0, 1, 1], "texture": "#brown_concrete"},
				"east": {"uv": [0, 0, 1, 1], "texture": "#brown_concrete"},
				"south": {"uv": [0, 0, 1, 1], "texture": "#brown_concrete"},
				"up": {"uv": [0, 0, 1, 1], "texture": "#brown_concrete"}
			}
		},
		{
			"name": "Element",
			"from": [15, 8, 7],
			"to": [16, 9, 8],
			"faces": {
				"north": {"uv": [0, 0, 1, 1], "texture": "#brown_concrete"},
				"east": {"uv": [0, 0, 1, 1], "texture": "#brown_concrete"},
				"south": {"uv": [0, 0, 1, 1], "texture": "#brown_concrete"},
				"up": {"uv": [0, 0, 1, 1], "texture": "#brown_concrete"}
			}
		},
		{
			"name": "Element",
			"from": [14, 9, 7],
			"to": [15, 10, 8],
			"faces": {
				"north": {"uv": [0, 0, 1, 1], "texture": "#brown_concrete"},
				"east": {"uv": [0, 0, 1, 1], "texture": "#brown_concrete"},
				"south": {"uv": [0, 0, 1, 1], "texture": "#brown_concrete"},
				"up": {"uv": [0, 0, 1, 1], "texture": "#brown_concrete"}
			}
		},
		{
			"name": "Element",
			"from": [13, 10, 7],
			"to": [14, 11, 8],
			"faces": {
				"north": {"uv": [0, 0, 1, 1], "texture": "#brown_concrete"},
				"east": {"uv": [0, 0, 1, 1], "texture": "#brown_concrete"},
				"south": {"uv": [0, 0, 1, 1], "texture": "#brown_concrete"},
				"up": {"uv": [0, 0, 1, 1], "texture": "#brown_concrete"}
			}
		},
		{
			"name": "Element",
			"from": [12, 11, 7],
			"to": [13, 12, 8],
			"faces": {
				"north": {"uv": [0, 0, 1, 1], "texture": "#brown_concrete"},
				"east": {"uv": [0, 0, 1, 1], "texture": "#brown_concrete"},
				"south": {"uv": [0, 0, 1, 1], "texture": "#brown_concrete"},
				"up": {"uv": [0, 0, 1, 1], "texture": "#brown_concrete"}
			}
		},
		{
			"name": "Element",
			"from": [11, 12, 7],
			"to": [12, 13, 8],
			"faces": {
				"north": {"uv": [0, 0, 1, 1], "texture": "#brown_concrete"},
				"east": {"uv": [0, 0, 1, 1], "texture": "#brown_concrete"},
				"south": {"uv": [0, 0, 1, 1], "texture": "#brown_concrete"},
				"up": {"uv": [0, 0, 1, 1], "texture": "#brown_concrete"}
			}
		},
		{
			"name": "Element",
			"from": [10, 13, 7],
			"to": [11, 14, 8],
			"faces": {
				"north": {"uv": [0, 0, 1, 1], "texture": "#brown_concrete"},
				"east": {"uv": [0, 0, 1, 1], "texture": "#brown_concrete"},
				"south": {"uv": [0, 0, 1, 1], "texture": "#brown_concrete"},
				"up": {"uv": [0, 0, 1, 1], "texture": "#brown_concrete"}
			}
		},
		{
			"name": "Element",
			"from": [9, 14, 7],
			"to": [10, 15, 8],
			"faces": {
				"north": {"uv": [0, 0, 1, 1], "texture": "#brown_concrete"},
				"east": {"uv": [0, 0, 1, 1], "texture": "#brown_concrete"},
				"south": {"uv": [0, 0, 1, 1], "texture": "#brown_concrete"},
				"up": {"uv": [0, 0, 1, 1], "texture": "#brown_concrete"}
			}
		},
		{
			"name": "Element",
			"from": [8, 15, 7],
			"to": [9, 16, 8],
			"faces": {
				"north": {"uv": [0, 0, 1, 1], "texture": "#brown_concrete"},
				"east": {"uv": [0, 0, 1, 1], "texture": "#brown_concrete"},
				"south": {"uv": [0, 0, 1, 1], "texture": "#brown_concrete"},
				"up": {"uv": [0, 0, 1, 1], "texture": "#brown_concrete"}
			}
		},
		{
			"name": "Element",
			"from": [7, 16, 7],
			"to": [8, 17, 8],
			"faces": {
				"north": {"uv": [0, 0, 1, 1], "texture": "#brown_concrete"},
				"east": {"uv": [0, 0, 1, 1], "texture": "#brown_concrete"},
				"south": {"uv": [0, 0, 1, 1], "texture": "#brown_concrete"},
				"up": {"uv": [0, 0, 1, 1], "texture": "#brown_concrete"}
			}
		},
		{
			"name": "Element",
			"from": [6, 17, 7],
			"to": [7, 18, 8],
			"faces": {
				"north": {"uv": [0, 0, 1, 1], "texture": "#brown_concrete"},
				"east": {"uv": [0, 0, 1, 1], "texture": "#brown_concrete"},
				"south": {"uv": [0, 0, 1, 1], "texture": "#brown_concrete"},
				"up": {"uv": [0, 0, 1, 1], "texture": "#brown_concrete"}
			}
		},
		{
			"name": "Element",
			"from": [5, 18, 7],
			"to": [6, 19, 8],
			"faces": {
				"north": {"uv": [0, 0, 1, 1], "texture": "#brown_concrete"},
				"east": {"uv": [0, 0, 1, 1], "texture": "#brown_concrete"},
				"south": {"uv": [0, 0, 1, 1], "texture": "#brown_concrete"},
				"up": {"uv": [0, 0, 1, 1], "texture": "#brown_concrete"}
			}
		},
		{
			"name": "Element",
			"from": [4, 19, 7],
			"to": [5, 20, 8],
			"faces": {
				"north": {"uv": [0, 0, 1, 1], "texture": "#brown_concrete"},
				"east": {"uv": [0, 0, 1, 1], "texture": "#brown_concrete"},
				"south": {"uv": [0, 0, 1, 1], "texture": "#brown_concrete"},
				"up": {"uv": [0, 0, 1, 1], "texture": "#brown_concrete"}
			}
		},
		{
			"name": "Element",
			"from": [3, 20, 7],
			"to": [4, 21, 8],
			"faces": {
				"north": {"uv": [0, 0, 1, 1], "texture": "#brown_concrete"},
				"east": {"uv": [0, 0, 1, 1], "texture": "#brown_concrete"},
				"south": {"uv": [0, 0, 1, 1], "texture": "#brown_concrete"},
				"up": {"uv": [0, 0, 1, 1], "texture": "#brown_concrete"}
			}
		},
		{
			"name": "Element",
			"from": [2, 21, 7],
			"to": [3, 22, 8],
			"faces": {
				"north": {"uv": [0, 0, 1, 1], "texture": "#brown_concrete"},
				"east": {"uv": [0, 0, 1, 1], "texture": "#brown_concrete"},
				"south": {"uv": [0, 0, 1, 1], "texture": "#brown_concrete"},
				"up": {"uv": [0, 0, 1, 1], "texture": "#brown_concrete"}
			}
		},
		{
			"name": "Element",
			"from": [1, 22, 7],
			"to": [2, 23, 8],
			"faces": {
				"north": {"uv": [0, 0, 1, 1], "texture": "#brown_concrete"},
				"east": {"uv": [0, 0, 1, 1], "texture": "#brown_concrete"},
				"south": {"uv": [0, 0, 1, 1], "texture": "#brown_concrete"}
			}
		},
		{
			"name": "Element",
			"from": [0, 23, 7],
			"to": [1, 24, 8],
			"faces": {
				"north": {"uv": [0, 0, 1, 1], "texture": "#diamond_block"},
				"south": {"uv": [0, 0, 1, 1], "texture": "#diamond_block"},
				"up": {"uv": [0, 0, 1, 1], "texture": "#diamond_block"}
			}
		},
		{
			"name": "Element",
			"from": [1, 23, 7],
			"to": [2, 24, 8],
			"faces": {
				"north": {"uv": [0, 0, 1, 1], "texture": "#diamond_block"},
				"south": {"uv": [0, 0, 1, 1], "texture": "#diamond_block"}
			}
		},
		{
			"name": "Element",
			"from": [1, 24, 7],
			"to": [2, 25, 8],
			"faces": {
				"north": {"uv": [0, 0, 1, 1], "texture": "#diamond_block"},
				"east": {"uv": [0, 0, 1, 1], "texture": "#diamond_block"},
				"south": {"uv": [0, 0, 1, 1], "texture": "#diamond_block"},
				"west": {"uv": [0, 0, 1, 1], "texture": "#diamond_block"}
			}
		},
		{
			"name": "Element",
			"from": [1, 25, 7],
			"to": [2, 26, 8],
			"faces": {
				"north": {"uv": [0, 0, 1, 1], "texture": "#diamond_block"},
				"east": {"uv": [0, 0, 1, 1], "texture": "#diamond_block"},
				"south": {"uv": [0, 0, 1, 1], "texture": "#diamond_block"},
				"west": {"uv": [0, 0, 1, 1], "texture": "#diamond_block"},
				"up": {"uv": [0, 0, 1, 1], "texture": "#diamond_block"}
			}
		},
		{
			"name": "Element",
			"from": [0, 26, 7],
			"to": [1, 27, 8],
			"faces": {
				"north": {"uv": [0, 0, 1, 1], "texture": "#iron_block"},
				"east": {"uv": [0, 0, 1, 1], "texture": "#iron_block"},
				"south": {"uv": [0, 0, 1, 1], "texture": "#iron_block"},
				"west": {"uv": [0, 0, 1, 1], "texture": "#iron_block"},
				"down": {"uv": [0, 0, 1, 1], "texture": "#iron_block"}
			}
		},
		{
			"name": "Element",
			"from": [0, 27, 7],
			"to": [1, 28, 8],
			"faces": {
				"north": {"uv": [0, 0, 1, 1], "texture": "#iron_block"},
				"east": {"uv": [0, 0, 1, 1], "texture": "#iron_block"},
				"south": {"uv": [0, 0, 1, 1], "texture": "#iron_block"},
				"west": {"uv": [0, 0, 1, 1], "texture": "#iron_block"},
				"up": {"uv": [0, 0, 1, 1], "texture": "#iron_block"}
			}
		},
		{
			"name": "Element",
			"from": [-1, 28, 7],
			"to": [0, 29, 8],
			"faces": {
				"north": {"uv": [0, 0, 1, 1], "texture": "#iron_block"},
				"east": {"uv": [0, 0, 1, 1], "texture": "#iron_block"},
				"south": {"uv": [0, 0, 1, 1], "texture": "#iron_block"},
				"west": {"uv": [0, 0, 1, 1], "texture": "#iron_block"},
				"up": {"uv": [0, 0, 1, 1], "texture": "#iron_block"},
				"down": {"uv": [0, 0, 1, 1], "texture": "#iron_block"}
			}
		},
		{
			"name": "Element",
			"from": [-2, 29, 7],
			"to": [-1, 30, 8],
			"faces": {
				"north": {"uv": [0, 0, 1, 1], "texture": "#iron_block"},
				"east": {"uv": [0, 0, 1, 1], "texture": "#iron_block"},
				"south": {"uv": [0, 0, 1, 1], "texture": "#iron_block"},
				"up": {"uv": [0, 0, 1, 1], "texture": "#iron_block"},
				"down": {"uv": [0, 0, 1, 1], "texture": "#iron_block"}
			}
		},
		{
			"name": "Element",
			"from": [-3, 29, 7],
			"to": [-2, 30, 8],
			"faces": {
				"north": {"uv": [0, 0, 1, 1], "texture": "#iron_block"},
				"south": {"uv": [0, 0, 1, 1], "texture": "#iron_block"},
				"up": {"uv": [0, 0, 1, 1], "texture": "#iron_block"},
				"down": {"uv": [0, 0, 1, 1], "texture": "#iron_block"}
			}
		},
		{
			"name": "Element",
			"from": [-4, 30, 7],
			"to": [-3, 31, 8],
			"faces": {
				"north": {"uv": [0, 0, 1, 1], "texture": "#diamond_block"},
				"east": {"uv": [0, 0, 1, 1], "texture": "#diamond_block"},
				"south": {"uv": [0, 0, 1, 1], "texture": "#diamond_block"},
				"west": {"uv": [0, 0, 1, 1], "texture": "#diamond_block"},
				"up": {"uv": [0, 0, 1, 1], "texture": "#diamond_block"}
			}
		},
		{
			"name": "Element",
			"from": [-4, 29, 7],
			"to": [-3, 30, 8],
			"faces": {
				"north": {"uv": [0, 0, 1, 1], "texture": "#diamond_block"},
				"south": {"uv": [0, 0, 1, 1], "texture": "#diamond_block"},
				"west": {"uv": [0, 0, 1, 1], "texture": "#diamond_block"},
				"down": {"uv": [0, 0, 1, 1], "texture": "#diamond_block"}
			}
		},
		{
			"name": "Element",
			"from": [2, 23, 7],
			"to": [3, 24, 8],
			"faces": {
				"north": {"uv": [0, 0, 1, 1], "texture": "#diamond_block"},
				"south": {"uv": [0, 0, 1, 1], "texture": "#diamond_block"},
				"up": {"uv": [0, 0, 1, 1], "texture": "#diamond_block"},
				"down": {"uv": [0, 0, 1, 1], "texture": "#diamond_block"}
			}
		},
		{
			"name": "Element",
			"from": [3, 23, 7],
			"to": [4, 24, 8],
			"faces": {
				"north": {"uv": [0, 0, 1, 1], "texture": "#diamond_block"},
				"east": {"uv": [0, 0, 1, 1], "texture": "#diamond_block"},
				"south": {"uv": [0, 0, 1, 1], "texture": "#diamond_block"},
				"up": {"uv": [0, 0, 1, 1], "texture": "#diamond_block"},
				"down": {"uv": [0, 0, 1, 1], "texture": "#diamond_block"}
			}
		},
		{
			"name": "Element",
			"from": [4, 22, 7],
			"to": [5, 23, 8],
			"faces": {
				"north": {"uv": [0, 0, 1, 1], "texture": "#iron_block"},
				"south": {"uv": [0, 0, 1, 1], "texture": "#iron_block"},
				"west": {"uv": [0, 0, 1, 1], "texture": "#iron_block"},
				"up": {"uv": [0, 0, 1, 1], "texture": "#iron_block"},
				"down": {"uv": [0, 0, 1, 1], "texture": "#iron_block"}
			}
		},
		{
			"name": "Element",
			"from": [5, 22, 7],
			"to": [6, 23, 8],
			"faces": {
				"north": {"uv": [0, 0, 1, 1], "texture": "#iron_block"},
				"east": {"uv": [0, 0, 1, 1], "texture": "#iron_block"},
				"south": {"uv": [0, 0, 1, 1], "texture": "#iron_block"},
				"up": {"uv": [0, 0, 1, 1], "texture": "#iron_block"},
				"down": {"uv": [0, 0, 1, 1], "texture": "#iron_block"}
			}
		},
		{
			"name": "Element",
			"from": [6, 21, 7],
			"to": [7, 22, 8],
			"faces": {
				"north": {"uv": [0, 0, 1, 1], "texture": "#iron_block"},
				"east": {"uv": [0, 0, 1, 1], "texture": "#iron_block"},
				"south": {"uv": [0, 0, 1, 1], "texture": "#iron_block"},
				"west": {"uv": [0, 0, 1, 1], "texture": "#iron_block"},
				"up": {"uv": [0, 0, 1, 1], "texture": "#iron_block"},
				"down": {"uv": [0, 0, 1, 1], "texture": "#iron_block"}
			}
		},
		{
			"name": "Element",
			"from": [7, 20, 7],
			"to": [8, 21, 8],
			"faces": {
				"north": {"uv": [0, 0, 1, 1], "texture": "#iron_block"},
				"east": {"uv": [0, 0, 1, 1], "texture": "#iron_block"},
				"south": {"uv": [0, 0, 1, 1], "texture": "#iron_block"},
				"west": {"uv": [0, 0, 1, 1], "texture": "#iron_block"},
				"up": {"uv": [0, 0, 1, 1], "texture": "#iron_block"}
			}
		},
		{
			"name": "Element",
			"from": [7, 19, 7],
			"to": [8, 20, 8],
			"faces": {
				"north": {"uv": [0, 0, 1, 1], "texture": "#iron_block"},
				"east": {"uv": [0, 0, 1, 1], "texture": "#iron_block"},
				"south": {"uv": [0, 0, 1, 1], "texture": "#iron_block"},
				"west": {"uv": [0, 0, 1, 1], "texture": "#iron_block"},
				"down": {"uv": [0, 0, 1, 1], "texture": "#iron_block"}
			}
		},
		{
			"name": "Element",
			"from": [-1, 24, 7],
			"to": [0, 25, 8],
			"faces": {
				"north": {"uv": [0, 0, 1, 1], "texture": "#diamond_block"},
				"east": {"uv": [0, 0, 1, 1], "texture": "#diamond_block"},
				"south": {"uv": [0, 0, 1, 1], "texture": "#diamond_block"},
				"up": {"uv": [0, 0, 1, 1], "texture": "#diamond_block"}
			}
		},
		{
			"name": "Element",
			"from": [17, 5, 7],
			"to": [18, 6, 8],
			"faces": {
				"north": {"uv": [0, 0, 1, 1], "texture": "#brown_concrete"},
				"south": {"uv": [0, 0, 1, 1], "texture": "#brown_concrete"}
			}
		},
		{
			"name": "Element",
			"from": [16, 6, 7],
			"to": [17, 7, 8],
			"faces": {
				"north": {"uv": [0, 0, 1, 1], "texture": "#oak_planks"},
				"south": {"uv": [0, 0, 1, 1], "texture": "#oak_planks"}
			}
		},
		{
			"name": "Element",
			"from": [15, 7, 7],
			"to": [16, 8, 8],
			"faces": {
				"north": {"uv": [0, 0, 1, 1], "texture": "#oak_planks"},
				"south": {"uv": [0, 0, 1, 1], "texture": "#oak_planks"}
			}
		},
		{
			"name": "Element",
			"from": [14, 8, 7],
			"to": [15, 9, 8],
			"faces": {
				"north": {"uv": [0, 0, 1, 1], "texture": "#oak_planks"},
				"south": {"uv": [0, 0, 1, 1], "texture": "#oak_planks"}
			}
		},
		{
			"name": "Element",
			"from": [13, 9, 7],
			"to": [14, 10, 8],
			"faces": {
				"north": {"uv": [0, 0, 1, 1], "texture": "#oak_planks"},
				"south": {"uv": [0, 0, 1, 1], "texture": "#oak_planks"}
			}
		},
		{
			"name": "Element",
			"from": [12, 10, 7],
			"to": [13, 11, 8],
			"faces": {
				"north": {"uv": [0, 0, 1, 1], "texture": "#oak_planks"},
				"south": {"uv": [0, 0, 1, 1], "texture": "#oak_planks"}
			}
		},
		{
			"name": "Element",
			"from": [11, 11, 7],
			"to": [12, 12, 8],
			"faces": {
				"north": {"uv": [0, 0, 1, 1], "texture": "#oak_planks"},
				"south": {"uv": [0, 0, 1, 1], "texture": "#oak_planks"}
			}
		},
		{
			"name": "Element",
			"from": [10, 12, 7],
			"to": [11, 13, 8],
			"faces": {
				"north": {"uv": [0, 0, 1, 1], "texture": "#oak_planks"},
				"south": {"uv": [0, 0, 1, 1], "texture": "#oak_planks"}
			}
		},
		{
			"name": "Element",
			"from": [9, 13, 7],
			"to": [10, 14, 8],
			"faces": {
				"north": {"uv": [0, 0, 1, 1], "texture": "#oak_planks"},
				"south": {"uv": [0, 0, 1, 1], "texture": "#oak_planks"}
			}
		},
		{
			"name": "Element",
			"from": [8, 14, 7],
			"to": [9, 15, 8],
			"faces": {
				"north": {"uv": [0, 0, 1, 1], "texture": "#oak_planks"},
				"south": {"uv": [0, 0, 1, 1], "texture": "#oak_planks"}
			}
		},
		{
			"name": "Element",
			"from": [7, 15, 7],
			"to": [8, 16, 8],
			"faces": {
				"north": {"uv": [0, 0, 1, 1], "texture": "#oak_planks"},
				"south": {"uv": [0, 0, 1, 1], "texture": "#oak_planks"}
			}
		},
		{
			"name": "Element",
			"from": [6, 16, 7],
			"to": [7, 17, 8],
			"faces": {
				"north": {"uv": [0, 0, 1, 1], "texture": "#oak_planks"},
				"south": {"uv": [0, 0, 1, 1], "texture": "#oak_planks"}
			}
		},
		{
			"name": "Element",
			"from": [5, 17, 7],
			"to": [6, 18, 8],
			"faces": {
				"north": {"uv": [0, 0, 1, 1], "texture": "#oak_planks"},
				"south": {"uv": [0, 0, 1, 1], "texture": "#oak_planks"}
			}
		},
		{
			"name": "Element",
			"from": [4, 18, 7],
			"to": [5, 19, 8],
			"faces": {
				"north": {"uv": [0, 0, 1, 1], "texture": "#oak_planks"},
				"south": {"uv": [0, 0, 1, 1], "texture": "#oak_planks"}
			}
		},
		{
			"name": "Element",
			"from": [3, 19, 7],
			"to": [4, 20, 8],
			"faces": {
				"north": {"uv": [0, 0, 1, 1], "texture": "#oak_planks"},
				"south": {"uv": [0, 0, 1, 1], "texture": "#oak_planks"}
			}
		},
		{
			"name": "Element",
			"from": [2, 20, 7],
			"to": [3, 21, 8],
			"faces": {
				"north": {"uv": [0, 0, 1, 1], "texture": "#oak_planks"},
				"south": {"uv": [0, 0, 1, 1], "texture": "#oak_planks"}
			}
		},
		{
			"name": "Element",
			"from": [1, 21, 7],
			"to": [2, 22, 8],
			"faces": {
				"north": {"uv": [0, 0, 1, 1], "texture": "#oak_planks"},
				"south": {"uv": [0, 0, 1, 1], "texture": "#oak_planks"}
			}
		},
		{
			"name": "Element",
			"from": [0, 22, 7],
			"to": [1, 23, 8],
			"faces": {
				"north": {"uv": [0, 0, 1, 1], "texture": "#brown_concrete"},
				"south": {"uv": [0, 0, 1, 1], "texture": "#brown_concrete"}
			}
		},
		{
			"name": "Element",
			"from": [-1, 23, 7],
			"to": [0, 24, 8],
			"faces": {
				"north": {"uv": [0, 0, 1, 1], "texture": "#diamond_block"},
				"south": {"uv": [0, 0, 1, 1], "texture": "#diamond_block"}
			}
		},
		{
			"name": "Element",
			"from": [-2, 24, 7],
			"to": [-1, 25, 8],
			"faces": {
				"north": {"uv": [0, 0, 1, 1], "texture": "#diamond_block"},
				"south": {"uv": [0, 0, 1, 1], "texture": "#diamond_block"}
			}
		},
		{
			"name": "Element",
			"from": [-3, 24, 7],
			"to": [-2, 25, 8],
			"faces": {
				"north": {"uv": [0, 0, 1, 1], "texture": "#diamond_block"},
				"south": {"uv": [0, 0, 1, 1], "texture": "#diamond_block"},
				"up": {"uv": [0, 0, 1, 1], "texture": "#diamond_block"},
				"down": {"uv": [0, 0, 1, 1], "texture": "#diamond_block"}
			}
		},
		{
			"name": "Element",
			"from": [-4, 24, 7],
			"to": [-3, 25, 8],
			"faces": {
				"north": {"uv": [0, 0, 1, 1], "texture": "#diamond_block"},
				"south": {"uv": [0, 0, 1, 1], "texture": "#diamond_block"},
				"west": {"uv": [0, 0, 1, 1], "texture": "#diamond_block"},
				"up": {"uv": [0, 0, 1, 1], "texture": "#diamond_block"},
				"down": {"uv": [0, 0, 1, 1], "texture": "#diamond_block"}
			}
		},
		{
			"name": "Element",
			"from": [-4, 26, 7],
			"to": [-3, 27, 8],
			"faces": {
				"north": {"uv": [0, 0, 16, 16], "texture": "#4"},
				"east": {"uv": [0, 0, 16, 16], "texture": "#4"},
				"south": {"uv": [0, 0, 16, 16], "texture": "#4"},
				"west": {"uv": [0, 0, 16, 16], "texture": "#4"},
				"up": {"uv": [0, 0, 16, 16], "texture": "#4"},
				"down": {"uv": [0, 0, 16, 16], "texture": "#4"}
			}
		},
		{
			"name": "Element",
			"from": [-2, 26, 7],
			"to": [-1, 27, 8],
			"faces": {
				"north": {"uv": [0, 0, 1, 1], "texture": "#diamond_block"},
				"east": {"uv": [0, 0, 1, 1], "texture": "#diamond_block"},
				"south": {"uv": [0, 0, 1, 1], "texture": "#diamond_block"},
				"west": {"uv": [0, 0, 1, 1], "texture": "#diamond_block"},
				"up": {"uv": [0, 0, 1, 1], "texture": "#diamond_block"}
			}
		},
		{
			"name": "Element",
			"from": [-2, 25, 7],
			"to": [-1, 26, 8],
			"faces": {
				"north": {"uv": [0, 0, 1, 1], "texture": "#diamond_block"},
				"east": {"uv": [0, 0, 1, 1], "texture": "#diamond_block"},
				"south": {"uv": [0, 0, 1, 1], "texture": "#diamond_block"},
				"west": {"uv": [0, 0, 1, 1], "texture": "#diamond_block"}
			}
		},
		{
			"name": "Element",
			"from": [17, 4, 7],
			"to": [18, 5, 8],
			"faces": {
				"north": {"uv": [0, 0, 1, 1], "texture": "#iron_block"},
				"south": {"uv": [0, 0, 1, 1], "texture": "#iron_block"},
				"west": {"uv": [0, 0, 1, 1], "texture": "#iron_block"}
			}
		},
		{
			"name": "Element",
			"from": [16, 5, 7],
			"to": [17, 6, 8],
			"faces": {
				"north": {"uv": [0, 0, 1, 1], "texture": "#brown_concrete"},
				"south": {"uv": [0, 0, 1, 1], "texture": "#brown_concrete"},
				"west": {"uv": [0, 0, 1, 1], "texture": "#brown_concrete"},
				"down": {"uv": [0, 0, 1, 1], "texture": "#brown_concrete"}
			}
		},
		{
			"name": "Element",
			"from": [15, 4, 7],
			"to": [16, 5, 8],
			"faces": {
				"north": {"uv": [0, 0, 1, 1], "texture": "#diamond_block"},
				"east": {"uv": [0, 0, 1, 1], "texture": "#diamond_block"},
				"south": {"uv": [0, 0, 1, 1], "texture": "#diamond_block"},
				"up": {"uv": [0, 0, 1, 1], "texture": "#diamond_block"},
				"down": {"uv": [0, 0, 1, 1], "texture": "#diamond_block"}
			}
		},
		{
			"name": "Element",
			"from": [14, 4, 7],
			"to": [15, 5, 8],
			"faces": {
				"north": {"uv": [0, 0, 1, 1], "texture": "#diamond_block"},
				"south": {"uv": [0, 0, 1, 1], "texture": "#diamond_block"},
				"west": {"uv": [0, 0, 1, 1], "texture": "#diamond_block"},
				"up": {"uv": [0, 0, 1, 1], "texture": "#diamond_block"},
				"down": {"uv": [0, 0, 1, 1], "texture": "#diamond_block"}
			}
		},
		{
			"name": "Element",
			"from": [13, 5, 7],
			"to": [14, 6, 8],
			"faces": {
				"north": {"uv": [0, 0, 1, 1], "texture": "#diamond_block"},
				"east": {"uv": [0, 0, 1, 1], "texture": "#diamond_block"},
				"south": {"uv": [0, 0, 1, 1], "texture": "#diamond_block"},
				"up": {"uv": [0, 0, 1, 1], "texture": "#diamond_block"},
				"down": {"uv": [0, 0, 1, 1], "texture": "#diamond_block"}
			}
		},
		{
			"name": "Element",
			"from": [12, 6, 7],
			"to": [13, 7, 8],
			"faces": {
				"north": {"uv": [0, 0, 1, 1], "texture": "#diamond_block"},
				"east": {"uv": [0, 0, 1, 1], "texture": "#diamond_block"},
				"south": {"uv": [0, 0, 1, 1], "texture": "#diamond_block"},
				"west": {"uv": [0, 0, 1, 1], "texture": "#diamond_block"},
				"up": {"uv": [0, 0, 1, 1], "texture": "#diamond_block"}
			}
		},
		{
			"name": "Element",
			"from": [12, 5, 7],
			"to": [13, 6, 8],
			"faces": {
				"north": {"uv": [0, 0, 1, 1], "texture": "#diamond_block"},
				"south": {"uv": [0, 0, 1, 1], "texture": "#diamond_block"},
				"west": {"uv": [0, 0, 1, 1], "texture": "#diamond_block"}
			}
		},
		{
			"name": "Element",
			"from": [12, 4, 7],
			"to": [13, 5, 8],
			"faces": {
				"north": {"uv": [0, 0, 1, 1], "texture": "#diamond_block"},
				"east": {"uv": [0, 0, 1, 1], "texture": "#diamond_block"},
				"south": {"uv": [0, 0, 1, 1], "texture": "#diamond_block"},
				"west": {"uv": [0, 0, 1, 1], "texture": "#diamond_block"}
			}
		},
		{
			"name": "Element",
			"from": [12, 3, 7],
			"to": [13, 4, 8],
			"faces": {
				"north": {"uv": [0, 0, 1, 1], "texture": "#diamond_block"},
				"east": {"uv": [0, 0, 1, 1], "texture": "#diamond_block"},
				"south": {"uv": [0, 0, 1, 1], "texture": "#diamond_block"},
				"west": {"uv": [0, 0, 1, 1], "texture": "#diamond_block"},
				"down": {"uv": [0, 0, 1, 1], "texture": "#diamond_block"}
			}
		},
		{
			"name": "Element",
			"from": [13, 2, 7],
			"to": [14, 3, 8],
			"faces": {
				"north": {"uv": [0, 0, 1, 1], "texture": "#diamond_block"},
				"east": {"uv": [0, 0, 1, 1], "texture": "#diamond_block"},
				"south": {"uv": [0, 0, 1, 1], "texture": "#diamond_block"},
				"west": {"uv": [0, 0, 1, 1], "texture": "#diamond_block"},
				"up": {"uv": [0, 0, 1, 1], "texture": "#diamond_block"},
				"down": {"uv": [0, 0, 1, 1], "texture": "#diamond_block"}
			}
		},
		{
			"name": "Element",
			"from": [15, 6, 7],
			"to": [16, 7, 8],
			"faces": {
				"north": {"uv": [0, 0, 1, 1], "texture": "#brown_concrete"},
				"south": {"uv": [0, 0, 1, 1], "texture": "#brown_concrete"},
				"west": {"uv": [0, 0, 1, 1], "texture": "#brown_concrete"},
				"down": {"uv": [0, 0, 1, 1], "texture": "#brown_concrete"}
			}
		},
		{
			"name": "Element",
			"from": [14, 7, 7],
			"to": [15, 8, 8],
			"faces": {
				"north": {"uv": [0, 0, 1, 1], "texture": "#brown_concrete"},
				"south": {"uv": [0, 0, 1, 1], "texture": "#brown_concrete"},
				"west": {"uv": [0, 0, 1, 1], "texture": "#brown_concrete"},
				"down": {"uv": [0, 0, 1, 1], "texture": "#brown_concrete"}
			}
		},
		{
			"name": "Element",
			"from": [13, 8, 7],
			"to": [14, 9, 8],
			"faces": {
				"north": {"uv": [0, 0, 1, 1], "texture": "#brown_concrete"},
				"south": {"uv": [0, 0, 1, 1], "texture": "#brown_concrete"},
				"west": {"uv": [0, 0, 1, 1], "texture": "#brown_concrete"},
				"down": {"uv": [0, 0, 1, 1], "texture": "#brown_concrete"}
			}
		},
		{
			"name": "Element",
			"from": [12, 9, 7],
			"to": [13, 10, 8],
			"faces": {
				"north": {"uv": [0, 0, 1, 1], "texture": "#brown_concrete"},
				"south": {"uv": [0, 0, 1, 1], "texture": "#brown_concrete"},
				"west": {"uv": [0, 0, 1, 1], "texture": "#brown_concrete"},
				"down": {"uv": [0, 0, 1, 1], "texture": "#brown_concrete"}
			}
		},
		{
			"name": "Element",
			"from": [11, 10, 7],
			"to": [12, 11, 8],
			"faces": {
				"north": {"uv": [0, 0, 1, 1], "texture": "#brown_concrete"},
				"south": {"uv": [0, 0, 1, 1], "texture": "#brown_concrete"},
				"west": {"uv": [0, 0, 1, 1], "texture": "#brown_concrete"},
				"down": {"uv": [0, 0, 1, 1], "texture": "#brown_concrete"}
			}
		},
		{
			"name": "Element",
			"from": [10, 11, 7],
			"to": [11, 12, 8],
			"faces": {
				"north": {"uv": [0, 0, 1, 1], "texture": "#brown_concrete"},
				"south": {"uv": [0, 0, 1, 1], "texture": "#brown_concrete"},
				"west": {"uv": [0, 0, 1, 1], "texture": "#brown_concrete"},
				"down": {"uv": [0, 0, 1, 1], "texture": "#brown_concrete"}
			}
		},
		{
			"name": "Element",
			"from": [9, 12, 7],
			"to": [10, 13, 8],
			"faces": {
				"north": {"uv": [0, 0, 1, 1], "texture": "#brown_concrete"},
				"south": {"uv": [0, 0, 1, 1], "texture": "#brown_concrete"},
				"west": {"uv": [0, 0, 1, 1], "texture": "#brown_concrete"},
				"down": {"uv": [0, 0, 1, 1], "texture": "#brown_concrete"}
			}
		},
		{
			"name": "Element",
			"from": [8, 13, 7],
			"to": [9, 14, 8],
			"faces": {
				"north": {"uv": [0, 0, 1, 1], "texture": "#brown_concrete"},
				"south": {"uv": [0, 0, 1, 1], "texture": "#brown_concrete"},
				"west": {"uv": [0, 0, 1, 1], "texture": "#brown_concrete"},
				"down": {"uv": [0, 0, 1, 1], "texture": "#brown_concrete"}
			}
		},
		{
			"name": "Element",
			"from": [7, 14, 7],
			"to": [8, 15, 8],
			"faces": {
				"north": {"uv": [0, 0, 1, 1], "texture": "#brown_concrete"},
				"south": {"uv": [0, 0, 1, 1], "texture": "#brown_concrete"},
				"west": {"uv": [0, 0, 1, 1], "texture": "#brown_concrete"},
				"down": {"uv": [0, 0, 1, 1], "texture": "#brown_concrete"}
			}
		},
		{
			"name": "Element",
			"from": [6, 15, 7],
			"to": [7, 16, 8],
			"faces": {
				"north": {"uv": [0, 0, 1, 1], "texture": "#brown_concrete"},
				"south": {"uv": [0, 0, 1, 1], "texture": "#brown_concrete"},
				"west": {"uv": [0, 0, 1, 1], "texture": "#brown_concrete"},
				"down": {"uv": [0, 0, 1, 1], "texture": "#brown_concrete"}
			}
		},
		{
			"name": "Element",
			"from": [5, 16, 7],
			"to": [6, 17, 8],
			"faces": {
				"north": {"uv": [0, 0, 1, 1], "texture": "#brown_concrete"},
				"south": {"uv": [0, 0, 1, 1], "texture": "#brown_concrete"},
				"west": {"uv": [0, 0, 1, 1], "texture": "#brown_concrete"},
				"down": {"uv": [0, 0, 1, 1], "texture": "#brown_concrete"}
			}
		},
		{
			"name": "Element",
			"from": [4, 17, 7],
			"to": [5, 18, 8],
			"faces": {
				"north": {"uv": [0, 0, 1, 1], "texture": "#brown_concrete"},
				"south": {"uv": [0, 0, 1, 1], "texture": "#brown_concrete"},
				"west": {"uv": [0, 0, 1, 1], "texture": "#brown_concrete"},
				"down": {"uv": [0, 0, 1, 1], "texture": "#brown_concrete"}
			}
		},
		{
			"name": "Element",
			"from": [3, 18, 7],
			"to": [4, 19, 8],
			"faces": {
				"north": {"uv": [0, 0, 1, 1], "texture": "#brown_concrete"},
				"south": {"uv": [0, 0, 1, 1], "texture": "#brown_concrete"},
				"west": {"uv": [0, 0, 1, 1], "texture": "#brown_concrete"},
				"down": {"uv": [0, 0, 1, 1], "texture": "#brown_concrete"}
			}
		},
		{
			"name": "Element",
			"from": [2, 19, 7],
			"to": [3, 20, 8],
			"faces": {
				"north": {"uv": [0, 0, 1, 1], "texture": "#brown_concrete"},
				"south": {"uv": [0, 0, 1, 1], "texture": "#brown_concrete"},
				"west": {"uv": [0, 0, 1, 1], "texture": "#brown_concrete"},
				"down": {"uv": [0, 0, 1, 1], "texture": "#brown_concrete"}
			}
		},
		{
			"name": "Element",
			"from": [1, 20, 7],
			"to": [2, 21, 8],
			"faces": {
				"north": {"uv": [0, 0, 1, 1], "texture": "#brown_concrete"},
				"south": {"uv": [0, 0, 1, 1], "texture": "#brown_concrete"},
				"west": {"uv": [0, 0, 1, 1], "texture": "#brown_concrete"},
				"down": {"uv": [0, 0, 1, 1], "texture": "#brown_concrete"}
			}
		},
		{
			"name": "Element",
			"from": [0, 21, 7],
			"to": [1, 22, 8],
			"faces": {
				"north": {"uv": [0, 0, 1, 1], "texture": "#brown_concrete"},
				"south": {"uv": [0, 0, 1, 1], "texture": "#brown_concrete"},
				"down": {"uv": [0, 0, 1, 1], "texture": "#brown_concrete"}
			}
		},
		{
			"name": "Element",
			"from": [-1, 22, 7],
			"to": [0, 23, 8],
			"faces": {
				"north": {"uv": [0, 0, 1, 1], "texture": "#diamond_block"},
				"south": {"uv": [0, 0, 1, 1], "texture": "#diamond_block"},
				"west": {"uv": [0, 0, 1, 1], "texture": "#diamond_block"}
			}
		},
		{
			"name": "Element",
			"from": [-1, 21, 7],
			"to": [0, 22, 8],
			"faces": {
				"north": {"uv": [0, 0, 1, 1], "texture": "#diamond_block"},
				"south": {"uv": [0, 0, 1, 1], "texture": "#diamond_block"}
			}
		},
		{
			"name": "Element",
			"from": [-2, 21, 7],
			"to": [-1, 22, 8],
			"faces": {
				"north": {"uv": [0, 0, 1, 1], "texture": "#diamond_block"},
				"south": {"uv": [0, 0, 1, 1], "texture": "#diamond_block"},
				"up": {"uv": [0, 0, 1, 1], "texture": "#diamond_block"},
				"down": {"uv": [0, 0, 1, 1], "texture": "#diamond_block"}
			}
		},
		{
			"name": "Element",
			"from": [-3, 21, 7],
			"to": [-2, 22, 8],
			"faces": {
				"north": {"uv": [0, 0, 1, 1], "texture": "#diamond_block"},
				"south": {"uv": [0, 0, 1, 1], "texture": "#diamond_block"},
				"west": {"uv": [0, 0, 1, 1], "texture": "#diamond_block"},
				"up": {"uv": [0, 0, 1, 1], "texture": "#diamond_block"},
				"down": {"uv": [0, 0, 1, 1], "texture": "#diamond_block"}
			}
		},
		{
			"name": "Element",
			"from": [-4, 22, 7],
			"to": [-3, 23, 8],
			"faces": {
				"north": {"uv": [0, 0, 1, 1], "texture": "#iron_block"},
				"east": {"uv": [0, 0, 1, 1], "texture": "#iron_block"},
				"south": {"uv": [0, 0, 1, 1], "texture": "#iron_block"},
				"up": {"uv": [0, 0, 1, 1], "texture": "#iron_block"},
				"down": {"uv": [0, 0, 1, 1], "texture": "#iron_block"}
			}
		},
		{
			"name": "Element",
			"from": [-5, 22, 7],
			"to": [-4, 23, 8],
			"faces": {
				"north": {"uv": [0, 0, 1, 1], "texture": "#iron_block"},
				"south": {"uv": [0, 0, 1, 1], "texture": "#iron_block"},
				"west": {"uv": [0, 0, 1, 1], "texture": "#iron_block"},
				"up": {"uv": [0, 0, 1, 1], "texture": "#iron_block"},
				"down": {"uv": [0, 0, 1, 1], "texture": "#iron_block"}
			}
		},
		{
			"name": "Element",
			"from": [-6, 23, 7],
			"to": [-5, 24, 8],
			"faces": {
				"north": {"uv": [0, 0, 1, 1], "texture": "#iron_block"},
				"east": {"uv": [0, 0, 1, 1], "texture": "#iron_block"},
				"south": {"uv": [0, 0, 1, 1], "texture": "#iron_block"},
				"west": {"uv": [0, 0, 1, 1], "texture": "#iron_block"},
				"up": {"uv": [0, 0, 1, 1], "texture": "#iron_block"},
				"down": {"uv": [0, 0, 1, 1], "texture": "#iron_block"}
			}
		},
		{
			"name": "Element",
			"from": [-7, 24, 7],
			"to": [-6, 25, 8],
			"faces": {
				"north": {"uv": [0, 0, 1, 1], "texture": "#iron_block"},
				"east": {"uv": [0, 0, 1, 1], "texture": "#iron_block"},
				"south": {"uv": [0, 0, 1, 1], "texture": "#iron_block"},
				"west": {"uv": [0, 0, 1, 1], "texture": "#iron_block"},
				"down": {"uv": [0, 0, 1, 1], "texture": "#iron_block"}
			}
		},
		{
			"name": "Element",
			"from": [-7, 25, 7],
			"to": [-6, 26, 8],
			"faces": {
				"north": {"uv": [0, 0, 1, 1], "texture": "#iron_block"},
				"east": {"uv": [0, 0, 1, 1], "texture": "#iron_block"},
				"south": {"uv": [0, 0, 1, 1], "texture": "#iron_block"},
				"west": {"uv": [0, 0, 1, 1], "texture": "#iron_block"}
			}
		},
		{
			"name": "Element",
			"from": [-8, 26, 7],
			"to": [-7, 27, 8],
			"faces": {
				"north": {"uv": [0, 0, 1, 1], "texture": "#diamond_block"},
				"south": {"uv": [0, 0, 1, 1], "texture": "#diamond_block"},
				"west": {"uv": [0, 0, 1, 1], "texture": "#diamond_block"},
				"up": {"uv": [0, 0, 1, 1], "texture": "#diamond_block"},
				"down": {"uv": [0, 0, 1, 1], "texture": "#diamond_block"}
			}
		},
		{
			"name": "Element",
			"from": [-7, 26, 7],
			"to": [-6, 27, 8],
			"faces": {
				"north": {"uv": [0, 0, 1, 1], "texture": "#diamond_block"},
				"east": {"uv": [0, 0, 1, 1], "texture": "#diamond_block"},
				"south": {"uv": [0, 0, 1, 1], "texture": "#diamond_block"},
				"up": {"uv": [0, 0, 1, 1], "texture": "#diamond_block"}
			}
		},
		{
			"name": "Element",
			"from": [-1, 20, 7],
			"to": [0, 21, 8],
			"faces": {
				"north": {"uv": [0, 0, 1, 1], "texture": "#diamond_block"},
				"east": {"uv": [0, 0, 1, 1], "texture": "#diamond_block"},
				"south": {"uv": [0, 0, 1, 1], "texture": "#diamond_block"},
				"west": {"uv": [0, 0, 1, 1], "texture": "#diamond_block"}
			}
		},
		{
			"name": "Element",
			"from": [-1, 19, 7],
			"to": [0, 20, 8],
			"faces": {
				"north": {"uv": [0, 0, 1, 1], "texture": "#diamond_block"},
				"east": {"uv": [0, 0, 1, 1], "texture": "#diamond_block"},
				"south": {"uv": [0, 0, 1, 1], "texture": "#diamond_block"},
				"west": {"uv": [0, 0, 1, 1], "texture": "#diamond_block"},
				"down": {"uv": [0, 0, 1, 1], "texture": "#diamond_block"}
			}
		},
		{
			"name": "Element",
			"from": [0, 18, 7],
			"to": [1, 19, 8],
			"faces": {
				"north": {"uv": [0, 0, 1, 1], "texture": "#iron_block"},
				"east": {"uv": [0, 0, 1, 1], "texture": "#iron_block"},
				"south": {"uv": [0, 0, 1, 1], "texture": "#iron_block"},
				"west": {"uv": [0, 0, 1, 1], "texture": "#iron_block"},
				"up": {"uv": [0, 0, 1, 1], "texture": "#iron_block"}
			}
		},
		{
			"name": "Element",
			"from": [0, 17, 7],
			"to": [1, 18, 8],
			"faces": {
				"north": {"uv": [0, 0, 1, 1], "texture": "#iron_block"},
				"east": {"uv": [0, 0, 1, 1], "texture": "#iron_block"},
				"south": {"uv": [0, 0, 1, 1], "texture": "#iron_block"},
				"west": {"uv": [0, 0, 1, 1], "texture": "#iron_block"},
				"down": {"uv": [0, 0, 1, 1], "texture": "#iron_block"}
			}
		},
		{
			"name": "Element",
			"from": [1, 16, 7],
			"to": [2, 17, 8],
			"faces": {
				"north": {"uv": [0, 0, 1, 1], "texture": "#iron_block"},
				"east": {"uv": [0, 0, 1, 1], "texture": "#iron_block"},
				"south": {"uv": [0, 0, 1, 1], "texture": "#iron_block"},
				"west": {"uv": [0, 0, 1, 1], "texture": "#iron_block"},
				"up": {"uv": [0, 0, 1, 1], "texture": "#iron_block"},
				"down": {"uv": [0, 0, 1, 1], "texture": "#iron_block"}
			}
		},
		{
			"name": "Element",
			"from": [2, 15, 7],
			"to": [3, 16, 8],
			"faces": {
				"north": {"uv": [0, 0, 1, 1], "texture": "#iron_block"},
				"south": {"uv": [0, 0, 1, 1], "texture": "#iron_block"},
				"west": {"uv": [0, 0, 1, 1], "texture": "#iron_block"},
				"up": {"uv": [0, 0, 1, 1], "texture": "#iron_block"},
				"down": {"uv": [0, 0, 1, 1], "texture": "#iron_block"}
			}
		},
		{
			"name": "Element",
			"from": [3, 15, 7],
			"to": [4, 16, 8],
			"faces": {
				"north": {"uv": [0, 0, 1, 1], "texture": "#iron_block"},
				"east": {"uv": [0, 0, 1, 1], "texture": "#iron_block"},
				"south": {"uv": [0, 0, 1, 1], "texture": "#iron_block"},
				"up": {"uv": [0, 0, 1, 1], "texture": "#iron_block"},
				"down": {"uv": [0, 0, 1, 1], "texture": "#iron_block"}
			}
		},
		{
			"name": "Element",
			"from": [-2, 23, 7],
			"to": [-1, 24, 8],
			"faces": {
				"north": {"uv": [0, 0, 1, 1], "texture": "#diamond_block"},
				"south": {"uv": [0, 0, 1, 1], "texture": "#diamond_block"},
				"west": {"uv": [0, 0, 1, 1], "texture": "#diamond_block"},
				"down": {"uv": [0, 0, 1, 1], "texture": "#diamond_block"}
			}
		},
		{
			"name": "Cube",
			"from": [20, 2, 7],
			"to": [21, 3, 8],
			"faces": {
				"north": {"uv": [0, 0, 16, 16], "texture": "#4"},
				"east": {"uv": [0, 0, 16, 16], "texture": "#4"},
				"south": {"uv": [0, 0, 16, 16], "texture": "#4"},
				"west": {"uv": [0, 0, 16, 16], "texture": "#4"},
				"up": {"uv": [0, 0, 16, 16], "texture": "#4"},
				"down": {"uv": [0, 0, 16, 16], "texture": "#4"}
			}
		}
	],
	"display": {
		"thirdperson_righthand": {
			"rotation": [-135, 90, 90],
			"translation": [0.5, -6, 6.5]
		},
		"thirdperson_lefthand": {
			"rotation": [-135, 90, 90],
			"translation": [0.5, -6, 6.5],
			"scale": [-1, 1, 1]
		},
		"firstperson_righthand": {
			"rotation": [-50, 90, 0],
			"translation": [2, -6.5, 3]
		},
		"firstperson_lefthand": {
			"rotation": [36, 90, 0],
			"translation": [2, -6.5, -5.25]
		},
		"ground": {
			"translation": [0, 5, 0]
		},
		"gui": {
			"translation": [-0.25, -3.25, 0],
			"scale": [-0.5, 0.5, 0.625]
		},
		"head": {
			"rotation": [0, 180, 0]
		},
		"fixed": {
			"rotation": [0, 180, 0],
			"translation": [0.25, -4.75, -1],
			"scale": [-0.64, 0.64, 0.64]
		}
	}
}